id,severity,status,finding,references,action
F01,critical,open,CoreScale is also an exterior-sizing parameter; tip-only attribution is not isolated.,build_stage3c_polyline_exterior.m:77; build_stage3c_polyline_exterior.m:308; build_stage2_scaled_audited_exterior.m:39; build_stage2_scaled_audited_exterior.m:224,No mesh-law or interpretation change permitted; see the nonphysical scale probe.
F02,critical,fixed,P1 compact reuse accepted a 2-mm seed for a 4-mm request because it checked only pass and scale=2.,verification/crack_path/main_increment_sensitivity_coarse.m:206; verification/crack_path/validate_increment_study_p1_cache.m:8,"Validate absolute core/radius fingerprints, exterior controls, source mesh, increment, and frozen physical data before reuse."
F03,critical,fixed,Full field checkpoints could reuse another material/load/physical configuration or changed T6 ordering/coordinates while T3 still matched.,solve_incremental_crack_tip.m:823; main_stage2_theta0_physical_solve.m:766; assert_crack_checkpoint_physics.m:1,Compare saved material/C and full T6 geometry with the same existing coordinate tolerance.
F04,critical,fixed,"Compact accepted-result promotion checked path and 11316 elements, but not its exterior/physical source identity.",run_incremental_crack_path.m:805; run_incremental_crack_path.m:847; solve_incremental_crack_tip.m:660,New result metadata records exterior/physics; legacy compacts require source candidate/field evidence.
F05,important,fixed,CoreScale=2 compact promotion/hydration was rejected by the unconditional reference EDI count 11316.,run_incremental_crack_path.m:818; run_incremental_crack_path.m:827,"Dispatch the existing fingerprint: 11316 for scale 1, 2976 for scale 2; do not permit arbitrary counts."
F06,important,fixed,State row names and declared schema were stored but not validated before positional history parsing.,run_incremental_crack_path.m:560; run_incremental_crack_path.m:648,Reject unsupported declared schemas and reordered/renamed columns before geometry/solve work.
F07,important,fixed,NaN family numbers could compare as equal because abs(NaN-x)>tol is false.,run_incremental_crack_path.m:1018; run_incremental_crack_path.m:1030,Reject nonfinite scalar family/core identity values; tolerance values unchanged.
F08,critical,fixed,The 4/2/1 publication loader trusted CSV names/lengths without checking the advertised M1+2h0 family or its authoritative summary.,verification/crack_path/plot_increment_sensitivity_coarse_publication.m:431; verification/crack_path/load_increment_comparison_run.m:6,"Require study/family provenance, unambiguous grids, vertex agreement and summary concordance."
F09,important,fixed,M1/reference and 2h0/reference comparison paired equal segment indices without confirming equal increments.,verification/crack_path/plot_m1_vs_reference_publication.m:108; verification/crack_path/plot_tip2h0_vs_reference_publication.m:98,Reject mismatched/nonuniform increments using the existing driver geometry tolerance.
F10,important,fixed,Missing explicitly requested M1 history could silently return canonical committed panels instead of the requested experiment.,verification/crack_path/plot_m1_vs_reference_publication.m:74; verification/crack_path/plot_m1_vs_reference_publication.m:370,Canonical fallback retained only for canonical default requests.
F11,important,fixed,An integer target shorter than two increments could reach P1 work before MaxSegments rejected it.,verification/crack_path/main_increment_sensitivity_coarse.m:68; verification/crack_path/main_increment_sensitivity_coarse.m:74,Reject the unsupported target before reading/building/saving/solving.
F12,important,open,"Older fully embedded State histories lack a frozen physical signature; their rows remain a trusted atomic archive, not independently requalified evidence.",run_incremental_crack_path.m:575; run_incremental_crack_path.m:648; run_incremental_crack_path.m:908,New states are keyed; do not silently manufacture missing historical provenance.
F13,important,open,Metadata-free historical candidates are inferred to be reference exterior/core=1 when reference controls are requested.,run_incremental_crack_path.m:959; run_incremental_crack_path.m:982,Legacy compatibility assumption remains explicit. Known source archives are required for legacy compact promotion.
F14,important,open,Shared output names can overwrite candidate/qualification files before an incompatible field checkpoint is rejected.,run_incremental_crack_path.m:99; run_incremental_crack_path.m:238; verification/crack_path/main_increment_sensitivity_coarse.m:139,Use one isolated directory per increment/core/exterior/frozen source. This audit does not redesign archive transactions.
F15,important,open,Direct generic runs keep the accepted reference 4-mm P1 SIF defaults even if increment/core controls are changed.,run_incremental_crack_path.m:65; run_incremental_crack_path.m:114; verification/crack_path/main_increment_sensitivity_coarse.m:227,Use an independently qualified/solved seed. Named sensitivity drivers supply their own P1; the generic API cannot infer one.
F16,important,open,An absolute calibration transitionLength_m overrides the dimensionless transition option; summary transition fields describe the nominal design.,build_stage3c_polyline_exterior.m:287; build_stage3c_polyline_exterior.m:297; qualify_incremental_crack_candidate.m:198; main_stage2_embed_scaled_core_full_domain_theta0.m:147,"Named M1 protocol overrides slopes only. Custom callers must inspect effective calibration, not only requested ratios."
F17,confirmed safe,verified,"92 mm is a default target, not a hidden segment count: N=target/increment with explicit divisibility.",verification/crack_path/main_increment_sensitivity_coarse.m:51; verification/crack_path/main_increment_sensitivity_coarse.m:68,4/2/1 mm gives 23/46/92 segments. Nondivisible targets fail; no shortening or floor conversion.
F18,confirmed safe,verified,Accepted Stage-I geometry/material/load/frame stay unchanged; only the in-memory reserved Stage-II increment changes.,verification/crack_path/main_increment_sensitivity_coarse.m:78; verification/crack_path/main_increment_sensitivity_coarse.m:93; crack_physics_signature.m:1,Full R0 restores bitwise after resetting that one summary cell in the tests.
F19,confirmed safe,verified,Historical C.a0=4 mm does not leak into the active P1 carrier: A0Override explicitly forwards the selected reservation.,main_stage2_embed_scaled_core_full_domain_theta0.m:87; main_stage2_embed_scaled_core_full_domain_theta0.m:118; build_stage2_cracked_mesh_for_theta.m:34; geom_hole_shortcrack.m:52,Do not mutate accepted C merely to remove a seemingly stale literal.
F20,confirmed safe,verified,"Tip size, annulus and core radii use the selected increment; CoreScale changes tip size, not physical core/EDI radii.",build_stage2_scaled_audited_core.m:65; build_stage2_scaled_audited_core.m:118; qualify_incremental_crack_candidate.m:192; qualify_incremental_crack_candidate.m:210,Coarse 1/2/4-mm core element and COD sampling invariance verified without a PDE/physical solve.
F21,confirmed safe,verified,4/2/1 runs intentionally couple increment and absolute core/exterior mesh scales; they are not fixed-absolute-mesh experiments.,verification/crack_path/main_increment_sensitivity_coarse.m:5; verification/crack_path/main_increment_sensitivity_coarse.m:25; verification/crack_path/main_increment_sensitivity_coarse.m:96,Keep this existing interpretation; compare the same dimensionless coarse family.
F22,important,open,"Source-carrier Hmin/Hmax/Hgrad, mouth width, and physical hole polygon are inherited absolute quantities, not globally rescaled with Delta a.",qualify_incremental_crack_candidate.m:133; qualify_incremental_crack_candidate.m:138; build_stage2_cracked_mesh_for_theta.m:39; build_stage3c_polyline_exterior.m:324,Core/exterior laws scale; the full plate/carrier/boundary seed problem is not a homothetic mesh family.
F23,important,open,"Qualified fingerprints are duplicated in qualifier, P1 solver, tip solver, study guards and tests.",qualify_incremental_crack_candidate.m:219; main_stage2_embed_scaled_core_full_domain_theta0.m:160; solve_incremental_crack_tip.m:720; main_stage2_theta0_physical_solve.m:677,"Current values agree. A new qualified family requires coordinated updates, not replacement of only one count."
F24,confirmed safe,verified,CoreScale API limits are explicit: propagation supports 1/2; fixed-geometry qualifier/solver also support 0.5; display-only scale 4 is not physically admitted.,run_incremental_crack_path.m:43; qualify_incremental_crack_candidate.m:28; solve_incremental_crack_tip.m:752; verification/crack_path/main_tip_core_mesh_level_comparison.m:13,No silent fallback to scale 1. Do not treat visualization H2 as a physically qualified propagation level.
F25,cosmetic,open,"H2 names mean scale 4 in mesh-level illustration, but h/2 refinement documentation uses another naming convention.",verification/crack_path/main_tip_core_mesh_level_comparison.m:6; verification/crack_path/main_fixed_geometry_tip_refinement_diagnostic.m:117; verification/crack_path/TIP_REFINEMENT_H2.md:1,"Use numeric CoreScale and hTip, not level names, as identity."
F26,cosmetic,open,MeshFamilyLabel and output-directory tags are display/organization labels; the generic default can still say reference for nonreference numerical controls.,run_incremental_crack_path.m:53; run_incremental_crack_path.m:397; verification/crack_path/main_increment_sensitivity_coarse.m:103,"Compatibility uses numerical controls, not labels. Do not infer provenance from filenames."
F27,confirmed safe,verified,"P17/P21/P22/P23, 23 rows and 92 mm in canonical paper generators are deliberately tied to the audited 4-mm reference snapshot.",paper/export_pilot_evidence.m:12; paper/export_pilot_evidence.m:20; paper/sync_manuscript_data.py:16; paper/plot_existing_manuscript_figures.m:62; paper/verify_manuscript.py:16,Snapshot guards must not be weakened to accept 2/1-mm histories. These are not generic comparison tools.
F28,important,open,Fixed-geometry diagnostics pin reference indices 17/22 and 4*k lengths; custom source files are not a generic physical-length selector.,verification/crack_path/main_fixed_geometry_tip_refinement_diagnostic.m:24; verification/crack_path/main_fixed_geometry_tip_refinement_diagnostic.m:139; verification/crack_path/main_fixed_geometry_tip_coarsening_diagnostic.m:141; verification/crack_path/main_fixed_geometry_coarse_exterior_diagnostic.m:28,For another increment derive the desired physical length/event from that history. Do not reuse these reference-index defaults.
F29,confirmed safe,verified,The 4/2/1 workflow matches common physical lengths rather than equal segment indices and does not interpolate paths.,verification/crack_path/plot_increment_sensitivity_coarse_publication.m:75; verification/crack_path/plot_increment_sensitivity_coarse_publication.m:478,Intersection uses absolute 1e-10 mm; nearest-row check retains 1e-8 mm. Ambiguous duplicate grids now reject.
F30,confirmed safe,verified,The partial-level publication path uses 4/2 data until both 1-mm CSVs exist; a live atomic state is not treated as an exported complete study.,verification/crack_path/plot_increment_sensitivity_coarse_publication.m:45; verification/crack_path/main_increment_sensitivity_coarse.m:273,Two- and three-level branches tested with explicit synthetic fixtures; no physical results fabricated.
F31,important,open,"Resume is continuation, not an idempotent completed-run load: default Resume=true rejects an already completed unchanged target.",run_incremental_crack_path.m:608; verification/crack_path/main_increment_sensitivity_coarse.m:259,No silent extra solve occurs. Changing this continuation contract is outside the mechanical audit fixes.
F32,important,open,Assembly depends on a BN_local helper resolved from MATLAB path outside this checkout.,stif_assem.m:44,Record/pin MATLAB/PDE/runtime/path dependencies. No dependency or solver implementation changed here.
F33,confirmed safe,verified,"Canonical benchmark/staged reference fingerprints are explicitly reference-only, with an alternative-candidate branch for other qualified families.",verification/crack_path/main_incremental_path_profile.m:20; verification/crack_path/main_incremental_path_profile.m:69; main_stage2_theta0_physical_solve.m:125; main_stage2_theta0_physical_solve.m:789,Do not use reference benchmark/regression entry points as generic increment tests.
F34,cosmetic,open,Reference manuscript availability wording is not synchronized with the investigator-local exported 4/2-mm comparison.,paper/main.tex:818; verification/crack_path/plot_increment_sensitivity_coarse_publication.m:45,Author review must distinguish partial/coupled 4/2 data from a complete or isolated increment study. No manuscript interpretation was edited.
F35,confirmed safe,verified,"Historical 8-mm audit constants and fixed Stage-I-source hashes are validation/snapshot identities, not production increment substitutions.",build_stage2_scaled_audited_core.m:10; paper/audit_stage1_source_provenance.py:24; verification/sif_audit/AUDIT_CLOSURE.md:1,No historical data were injected into another increment's seed or trajectory by this audit.
