path,extension,tracked,role,lines,sha256
.vscode/launch.json,.json,True,source_or_document,15,eae30182899530fd5e9a2a18f78a49dd8b5ac2fcf8a7bcff15e67125ea7c3b75
BN_local.m,.m,True,source_or_document,47,a52287ab4f3394c01551b044e13f4cadcd7ad51789813774bdf16b3c5de587ca
build_appended_hole_loop.m,.m,True,source_or_document,248,b6851b9b16f2ee42748b20f7d9eaac4eab392e29122055565e9320d6e41f135a
build_appended_hole_polyline_loop.m,.m,True,source_or_document,190,4d6ad28f8ac48a42fa8abfab7cf4a7813065226ff6962f300f0966deedd863f3
build_domain_centered_half_pencil.m,.m,True,source_or_document,70,37bed8b34f359190b2e59c573baf01a0eebc82ac4de95ddc92468c09ff0a6451
build_domain_hole_pencil_polyline.m,.m,True,source_or_document,382,3bef8bb1c0e3de8e1d5f1f2cd55a58f509425ce552273c23217f116e5a6f7664
build_domain_hole_true_polyline.m,.m,True,source_or_document,126,71d556d43cf378aaf210dee80143279d9e72d0ef1cd0c57407f490308bded5ca
build_domain_pencil_polyline.m,.m,True,source_or_document,189,92d42478d6ba610774e336e894a0b65debb8d73967000ff87a879d31cac67617
build_pde_geometry_with_holes.m,.m,True,source_or_document,153,0c84a3ae60fce249b1d2436fb251222e56afd83fd89658e3aa09fb43c0e97e28
build_stage2_centered_half_cracked_mesh_for_theta.m,.m,True,source_or_document,75,d0e8be62b762eb0f0ab6878ba4e96afdae2e17c9aa470c86c5bb8bbec2287410
build_stage2_cracked_mesh_for_theta.m,.m,True,source_or_document,99,9b64bc18e54d4065c1402cb6e0b3cd82cd2df36a7da70cc1e222ad26a185fd0a
build_stage2_scaled_audited_core.m,.m,True,source_or_document,362,0c0494a4fc3a094188b2beb34c959ae6c88bcca8039ae3606299ce3da5672357
build_stage2_scaled_audited_exterior.m,.m,True,source_or_document,275,8686cd86fb6da5270ab98f747989e02c3edd4b7761f677d74b2afb1f6f8e14d8
build_stage3a_scaled_audited_exterior.m,.m,True,source_or_document,297,d184c9f566e93c708a7831779977062461484cea78d98a1d1b5d21c6c6fe6ec2
build_stage3c_polyline_exterior.m,.m,True,source_or_document,359,bcfd8a59aa91091684889f6b1b9733dfa52920cb0dece029e4f5353dd6fee67d
cfg_asymmetric_full_domain.m,.m,True,source_or_document,41,91a6a8e7d8d8da65816aae0f39297d4dd6613bfa97a6e796a771ac860abee97d
cfg_centered_half_domain.m,.m,True,source_or_document,37,312e30d062a74b30b69a1b6f25d9e3a32df16598837342eea40730fc5d186ceb
cfg_first_segment_asymmetric.m,.m,True,source_or_document,86,b858ac932574e9dc8e449290357c4fd62ec4b2b8009a750366379c1e4562b790
cfg_hole_initiation.m,.m,True,source_or_document,111,76ec33fc42d58e0320a78f13a9c65abdf52d39901b87d402ad90f5d747810ef4
cfh/lower_safe.m,.m,True,source_or_document,12,de41713dd1b5f827772c008cbae9ba95647e2bb6b1c03094afb81497c862d611
cfh/must_field.m,.m,True,source_or_document,6,370de89fc7b731ca1cdb60f35fbe94052c1b90332e8a8e034a64d26d7ae869d5
cfh/normalize_row.m,.m,True,source_or_document,9,8d1b74ecd8c8ceb87255c60659b8e60cbe8a75eeadfb3e8d173f7755aed50176
cfh/point_segment_distance.m,.m,True,source_or_document,15,b82ed36c3ad075c93b17d937c7a191c0c927c36ebcf9d45afd00f6d121568721
cfh/remove_consecutive_duplicates.m,.m,True,source_or_document,13,aeecc5077c1e3f5f0b40773ceff2e7345b5dc048f9a10f6bcd1582c2c1112514
cfh/remove_last_if_equal_first.m,.m,True,source_or_document,7,a77a15ecc6a82655113d7a82887cee3853c2d56c69cf5a74ddbf9ffb0a4eb8c0
cfh/signed_polygon_area.m,.m,True,source_or_document,7,6a3dd57fee47c03729724f334144f55db4667b343b8cabce9d3e0b0eb922bf77
collapse_pencil_faces_to_midline.m,.m,True,source_or_document,312,16c9bd5fb0a3e78c1966b282eefd88c7541b7d1d75707598554aa0439511203b
collapse_polyline_pencil_faces_to_midline.m,.m,True,source_or_document,141,88b1a5d84e8456edd454d4adc94ef009005f0fcd142b9b2fa1e1ec704ec71fe1
compute_SIF_for_stage2.m,.m,True,source_or_document,53,660b78c851a2df925e7176a971aa91514f8cf1669b032d7a7ee25be4445b2170
compute_SIF_for_stage2_compare.m,.m,True,source_or_document,160,f796df74a1ec2b2110d17c1913ef3d18c07b63ef758f36ad5a1f7690a63535db
compute_SIF_for_stage2_interaction.m,.m,True,source_or_document,61,dfb2e99801cd6b5b90f2250c12402aedc467f4ec9036bef0c2934817f03d2283
docs/SIF_ASYMMETRIC_MESH_AUDIT.md,.md,True,source_or_document,1728,2a8c236fc484ed27d0b82ef5afba665ee35294d873f9db585d830035d48757ac
Documents/CrPathLEFM.tex,.tex,True,source_or_document,359,4281b1f8eeb1d260fc5335a122f9f09c8a99a5af1986eeaaf4b33ee95d38e630
edge_loads_T6.m,.m,True,source_or_document,25,19678642579b50d2bf40465924f5b71a63a9fbdf09c8b0db8f1e462e3a15204a
find_hole_initiation_point.m,.m,True,source_or_document,158,1a43adfe531f2f2d436c8efb7710bd513410b1a330db53b3eeee1001e6551025
find_hole_initiation_point_v2.m,.m,True,source_or_document,282,8d0699328d98a331bf46aec52f872c86a680912e3987ef8c0f57b985418e2dea
geom_centered_half_hole.m,.m,True,source_or_document,150,0fa33426462fff81efc7567e592d2387e61bed27f74f5f0292e2c38bd0586c59
geom_hole_only.m,.m,True,source_or_document,540,d2fc0f6472af29d0ff042b39fb5c64cf8700aa82c92213c190b421df300409ec
geom_hole_shortcrack.m,.m,True,source_or_document,492,b685ccfd016cb8d00c0fd450a04b5d9b9f8a88e88eba67b87e18bff09921c219
holes_to_loops.m,.m,True,source_or_document,170,b2847c2e0b38ab6f3671e1c37e65ee9202b37b6c1629481f22606889e3f9aac4
identify_pencil_ids_from_temp_mesh.m,.m,True,source_or_document,184,911a48aa764fbe9e8c99cc5e33d5ea2791044f78c27a3584e4f8c6c269675dae
identify_polyline_pencil_edge_sets.m,.m,True,source_or_document,76,b8e3ea1c54d941189d29429d5971debc675200ce7c16b81ebd10f20ef50a6c48
identify_sharp_pencil_geom_ids.m,.m,True,source_or_document,445,8e267b5e14119766dca3c8908b7de735e3ae3e52a6660f87105ab0d3e98658e7
incremental_profile_clock.m,.m,True,source_or_document,47,fc6f13f9b392e960fa5f6270d6dad5ef21a0cab14728fdb2cb69c1c26f0382ce
integr.m,.m,True,source_or_document,31,dd3b8062089f0ad532c5faa035fafd4c1cc60e573be85f306021ed4c5b0cefbe
kink_angle_LEFM_MTS.m,.m,True,source_or_document,71,d3c8c100aa4bdd75d3e3a3e32af0cc4877b6ad487f846ade5f34f41aabab52ce
kinking_LEFM_1leg.m,.m,True,source_or_document,67,020f0e5c4653d36f8ffbf17b62673bf7f2b16c4ecd33b723e4cf0f1027d56020
main_check_centered_hole_KII_parity.m,.m,True,source_or_document,796,f70536cee76e2bff3190d43d27180f9c8314856b9a418a2f4f069e6eccbb586f
main_check_SIF_mesh_contour_sensitivity.m,.m,True,source_or_document,996,e061a742067362e8b792fe75dc3d13a9a3d8bdaec6e52d7cf2981bbd4467ebeb
main_crack_path_LEFM_from_hole.m,.m,True,source_or_document,626,94370debf47787407b0aa6f737f8c9466baf193d73c04f9a676afc145ff63e73
main_hole_initiation_stage12_geom.m,.m,True,source_or_document,261,08e3865554318f6dd23214975fd71f2c109dda38a5d85109285b21dba7ce2e97
main_stage2_embed_scaled_core_full_domain.m,.m,True,source_or_document,926,0cd626092bf00627948148f97c334ea278b6359cddc2e20208d100b4dd877a91
main_stage2_embed_scaled_core_full_domain_theta0.m,.m,True,source_or_document,945,a472f2f65fa84afebccf7924ed2695980eeb66fea2564ef7f2340689ea4d14c7
main_stage2_qualify_scaled_audited_core_theta0.m,.m,True,source_or_document,563,31352aee1fff5fc988dd0576bca7d6bc7204a7f604abe31b559bb756f1e45879
main_stage2_reference_pencil_mesh.m,.m,True,source_or_document,588,06f86784cb83e2ab3c3ce1a66a7bae29016fe38169be62828c297f561770e953
main_stage2_supplied_angle_physical_solve.m,.m,True,source_or_document,687,e93f746126d00fa6902b196b8f839faf38d8446dd552e4fe284f005fb317e8ce
main_stage2_supplied_angle_probe.m,.m,True,source_or_document,168,bbbba405894e9ef0c614887ad6fc767884da9dfc07913b53c00c8d89bac75c74
main_stage2_theta0_physical_solve.m,.m,True,source_or_document,810,a28b95888850e6e2f30f8a4eff33bf20388a551405dc0d96c80162acf6260b48
main_stage3a_two_leg_tip_core_qualification.m,.m,True,source_or_document,987,a0a193d7eaafd497e678dd30e107941d38cea4d432387783b95d8199e85b1ff7
main_stage3b_two_leg_physical_solve.m,.m,True,source_or_document,749,6800b9060aef2f35df404476464240eb1a9c8bf906f65cde5fa56513093eceb5
main_stage3c_kinked_two_leg_qualification.m,.m,True,source_or_document,1061,d1052574ce0058a25d2fed68e6413a01efa85432e7aa5dd53cad70876885abc8
main_stage3d_kinked_two_leg_physical_solve.m,.m,True,source_or_document,786,3b413583afb16a62d0a5703c4f0c8448794687c278132089e453b67a0275a9cb
mesh_hole_pencil_domain.m,.m,True,source_or_document,612,f22952e8f5622d4b5be675ed6547bc4bcb37d6e2693fc01574dadccac0fac0fc
mesh_pencil_domain.m,.m,True,source_or_document,122,11ba1384c85ea068e204170387c7d7e6deb1349866d734087e8b1c9fd41b6557
native_COD_polyline_audit.m,.m,True,source_or_document,35,f55d9b597269671ac48ee91a9b9b99caac69e1272400404acb150cb89a9f3c96
paper/audit_stage1_source_provenance.py,.py,True,source_or_document,184,8af7870d954f7f31ad5a1d57d58c460bf7a6a9aa2b762f3d2576fe04c437a1e0
paper/data/derived_metrics.json,.json,True,data_snapshot,15,dd3e1028403d996072f5f97f3cdde14ab1fc498e4995a4b188b44c4af50f531d
paper/data/evidence.json,.json,True,data_snapshot,1,db7c5908e2cad5c749c7914f4eb742b28d1d404b4124a03107f35b94ad013bd3
paper/data/manuscript_checks.json,.json,True,data_snapshot,17,d0540d9385867cc18f45a7f48d6c55e5ec5ffe924d6428cd4785ed038539c799
paper/data/pdf_checks.json,.json,True,data_snapshot,24,3407532a50a4834d89d6f30d5eba862fdfbf713120479bf23f72360d55fc4404
paper/EVIDENCE_AND_PROVENANCE.md,.md,True,source_or_document,89,990c49bce4cc1ceb424440ce6f821162166a31b5df4cd60df7a07f1d746545e2
paper/export_pilot_evidence.m,.m,True,source_or_document,105,d9b47468177f18984f0daf7c12a6ea2bf94debb723a7e9a5c39bc93b51b134ce
paper/FIGURE_PLAN.md,.md,True,source_or_document,42,e1e94e54bcd51c72525385310f7d8271aba70586d58fd5378819e34ad114c66a
paper/figures/cod/figure.tex,.tex,True,source_or_document,42,33d7009aab86d732e6f92844e4932bcba94b988cdaec2a8ee1176f7510907e57
paper/figures/intensities/figure.tex,.tex,True,source_or_document,34,3616a65bcecae3fbc7f5e22eccbd9bd23da7ed69a948560328a5a6d632916e97
paper/figures/late/figure.tex,.tex,True,source_or_document,26,67d3fc7669cc37cf9595acab7795cc07dcce4ff93669bb22a3ea9f576a08c2da
paper/figures/m1_mesh_sensitivity/figure.tex,.tex,True,source_or_document,60,a2f06b39bb7412ab17892b3c901f7477620ea1a2e3acc3cb86edc5a502189292
paper/figures/mesh_levels/figure.tex,.tex,True,source_or_document,35,f4f0c89205318d4faaaa42fa855b2c32df31f83638e5e3de75327e510575da13
paper/figures/quality/figure.tex,.tex,True,source_or_document,40,367685f182a3620783a66879acb686b6713a5edb2e46874d479dae0819097054
paper/figures/tip_resolution_sensitivity/figure.tex,.tex,True,source_or_document,58,fc25930cef38fa2f3766c656ff1e8e1abf4ee9040054ca0670e1775bcdb37925
paper/figures/trajectory/figure.tex,.tex,True,source_or_document,30,39100c8035ae123d4c479d4866174aab303163097fa29baa1d50b63130b53fe1
paper/main.tex,.tex,True,source_or_document,954,54660968f3097adf96cb75c906dfab3f0fba7ea9c0c3fde43ffe4f1752c95761
paper/plot_existing_manuscript_figures.m,.m,True,source_or_document,315,0d8add978fcf005285df403dc83e813768079ff818211b89c5645e37a0f4f1f4
paper/README.md,.md,True,source_or_document,116,0f7c79844be4bd7373420f90934b8e6b208f71efa45c4b55ffcd65b32b110b6b
paper/references.bib,.bib,True,source_or_document,203,377ace1415ef3bb3f7051baf048362b5bc4eb8b8e0b8544ae16fe10ac3190a7a
paper/REMAINING_WORK.md,.md,True,source_or_document,54,d28d4a47c5fcc0f1ae2444c286294a7617de83ab20b8768813f41e76cc6ae557
paper/SCIENTIFIC_FORENSIC_SWEEP.md,.md,True,source_or_document,867,e4a22a123fe17677d16ea7f46b3acc7c5bdedae9372b3d2a8e64c56abadd8dbe
paper/STAGE1_PROVENANCE_AUDIT.md,.md,True,source_or_document,194,d2e68baea88b5015fe29361f9e8f981a5c6dd9034a6e4699dc3537536598ff81
paper/sync_manuscript_data.py,.py,True,source_or_document,93,09623d75fae22cfdd177ea1744ddcd813413e2a86c7a421fe518a1b62e3db93b
paper/verify_manuscript.py,.py,True,source_or_document,72,b27d961753c0e70f5d4e7da7197d073c4ec5f97a47ff3aa13d1e601c233881cf
plot_collapsed_pencil_mesh.m,.m,True,source_or_document,91,05b862c3d69fa5e6e1ba52e0e1da1bd441b86ce39eab2781f2db72d03f55687a
plot_final_clean_run_additional_results.m,.m,True,source_or_document,755,3e15d7b8563bf81eec1542f69a2e5ceae339c45f1f123321ea1c0b0450976a2a
plot_final_clean_run_results.m,.m,True,source_or_document,772,753a00f91e63f99c4b4f2d4f5714aec6bc1e476bf7185730373bab083ac6a54e
qualify_incremental_crack_candidate.m,.m,True,source_or_document,1134,785a47728d3a521e228532005713ca1e961244547c2add8a6c500eebfb96c0a2
run_incremental_crack_path.m,.m,True,source_or_document,983,10c91a904984d2c3cb56dbed47a99de3b7e90ffc29d7c1a655b5b9d8f3c6518e
run_stage1_centered_half_domain.m,.m,True,source_or_document,30,cdf0598b324775c6ac3e219100ff0e4dc647f0d2f12a16bc7976c609d53b6103
run_stage1_hole_initiation.m,.m,True,source_or_document,51,d92448756d0e550eef354cd7e2c574e499c8044908b3926b30319028917b1cd7
sample_hole_boundary_stress.m,.m,True,source_or_document,242,9223d0328d7b325ba4bc7feec15e65dbdde87c0e0c4ceb62949c4a624f185a4a
sample_hole_boundary_stress_v2.m,.m,True,source_or_document,273,4c6ab2e8c7f18aec349a849c9e946c9ac7c30fbe2fb3584a9d6ede7f82d58048
SIF_LEFM_circle2.m,.m,True,source_or_document,239,5024a3e9f2ccda33e33e060ad913cded265da4f894d45c7031e44527eb98598c
SIF_LEFM_circle2_debug.m,.m,True,source_or_document,757,4f81de4a990821ae1238cd67ecb7ab9285b06786253247ff0c3a313e285df8d6
SIF_LEFM_circle2_debug_swapPQ.m,.m,True,source_or_document,703,0a2a07a1c16909c3688566fa66d6ea8a6f3b764fa94f222f4ceb2de7ab33d1be
SIF_LEFM_interaction_EDI.m,.m,True,source_or_document,787,eacbbbbce5c6d831da3386cb1e35d307e7fad53b2b01701e07b3f15f75a8483c
solve_cracked_LEFM.m,.m,True,source_or_document,356,9c44c7fd7efcd73c7efa347554c3598fb004347d28a81510a335e398709e7882
solve_hole_only.m,.m,True,source_or_document,353,fcdb6138e80c3e1630f6b3e91b494dd35c72ab2e3b3003190b05f5984864fec1
solve_incremental_crack_tip.m,.m,True,source_or_document,854,b3e7eff2b941ac8250e27edc514d477837a04d9cfd5628e8222a23fbc8ca54cc
solve_next_angle_LEFM.m,.m,True,source_or_document,133,e120eb0b71e4d29968a13ec03be793b367832e5159e74c09b854c7830bdaf4ac
src/content/people/kaminskyi.md,.md,True,source_or_document,76,91215d22f674bf82a1ed990cfb397ef5dc6f2f81ccc83dd10061eb5b43d7ef8f
src/content/people/martyniak.md,.md,True,source_or_document,42,36781094696dbab7a29e305f09592d00505c60c8dbed2d4ae357446b8929c483
src/content/people/martynyak.md,.md,True,source_or_document,42,36781094696dbab7a29e305f09592d00505c60c8dbed2d4ae357446b8929c483
Stage1_Hole_Diagnostics/benchmark_circular_hole_Kt.m,.m,True,source_or_document,136,7bcf8e7d53a1a18dc44a271de93a88f31615bf2d1a1cbb849059677368c1e05e
Stage1_Hole_Diagnostics/benchmark_driver.m,.m,True,source_or_document,13,088b52b78a9e3e48c7838a5ce89aec0dd976a4f4bf1840c6b1e0edfe26abda9c
Stage1_Hole_Diagnostics/local_angle_diff.m,.m,True,source_or_document,3,63169f37e0ddc3674b67591643bb92da584fb6a88c210feace2c461c83d020cb
Stage1_Hole_Diagnostics/local_scale_stage1_mesh.m,.m,True,source_or_document,16,5e398458915354744035a5beee04df567de11743dc297d8adac5ffb84639780a
Stage1_Hole_Diagnostics/main_stage1_centered_hole_stress_check.m,.m,True,source_or_document,233,ded37f30bcd5bc4b7b775d151308f440c665ed615d58968677310e86665b1b2c
Stage1_Hole_Diagnostics/stage1_export_iteration_outputs.m,.m,True,source_or_document,448,5bf62a744c455cf99e00bb168f3e859a654bba08ade9a8c7a746cb471c4d2ca0
Stage1_Hole_Diagnostics/stage1_force_initiation_phi.m,.m,True,source_or_document,49,40036808be5cdf4d931dc7fe80df814e1e5e3111c97c342601940fb1b351258f
Stage1_Hole_Diagnostics/stage1_pde_toolbox_circular_hole_benchmark.m,.m,True,source_or_document,193,043dff68fa3342ce0190f2c4d4632209353abbe714de90c83248a1748842b4c0
Stage1_Hole_Diagnostics/stage1_plot_boundary_stress.m,.m,True,source_or_document,27,c7e9372d2076c6d97636104f85174dfdb236946031c00e9400b3b1b8035b742d
stif_assem.m,.m,True,source_or_document,86,903bff0f80eb7c1e24307c72be5d06cd6627b8c46db731c673eae4bf0d640fcb
StressExt.m,.m,True,source_or_document,124,aa7ea936db44adc710504256a0d3b34a4ac0ae7657dd10b11e346c22c3446b42
subdivide_last_leg.m,.m,True,source_or_document,26,3251829ece1fe24beb9fd1d30059d7b35a33d99e87feb58950f6c97c10efac4a
T3toT6_fast.m,.m,True,source_or_document,28,157b9a4de3e7915bf39729d417d55cf46ad02d641331464f3f221a752ef98d9c
verification/crack_path/CRACK_INCREMENT_SENSITIVITY_COARSE.md,.md,True,source_or_document,165,8cb20445d1bc4681ab09e00e4db8e3ca50f2ad827b8b13ff2bba08283d250e97
verification/crack_path/FIXED_GEOMETRY_COARSE_EXTERIOR.md,.md,True,source_or_document,198,f90b570247b81e4d5bf85d1d533e4d2bcf1d5f68b230fea66aee0372e084e137
verification/crack_path/INCREMENTAL_OPTIMIZATION.md,.md,True,source_or_document,188,e1748402e4f1dddf2fc3b4221ee64e7c71dd7d66105641684c2aefceee986bb9
verification/crack_path/INCREMENTAL_PATH.md,.md,True,source_or_document,491,86016ef10264b0bed97f30ddbe5511e7e6a681aacd71ed61d4b7124e01260fef
verification/crack_path/INCREMENTAL_PROFILE_PHASE_A.md,.md,True,source_or_document,114,5d100eb156201d989984be6346c7962c55efa349428c89ba7da923d25c562e52
verification/crack_path/M1_INDEPENDENT_TRAJECTORY.md,.md,True,source_or_document,197,c04d2683a8e772d8e32f6eb311d638669b872bb2e807ad064e2db6a9bf0c3390
verification/crack_path/main_fixed_geometry_coarse_exterior_diagnostic.m,.m,True,source_or_document,311,ee1552945690b28b630202351e8c32eca23c61b831f4f545112c2029b3a7637c
verification/crack_path/main_fixed_geometry_tip_coarsening_diagnostic.m,.m,True,source_or_document,302,23e2ba28f01dd194716ed4a7c7aa3646044874c1cf9fd32ddded6f2aa9516d02
verification/crack_path/main_fixed_geometry_tip_refinement_diagnostic.m,.m,True,source_or_document,298,701ba88262a69a66d351f34ba4aa3e5251623bb733c90f8e774d48956b5c4d26
verification/crack_path/main_increment_sensitivity_coarse.m,.m,True,source_or_document,303,6aba47d46da4e119984a48bfc6a22ea932de96bec1dec84dade07b8264e78ccc
verification/crack_path/main_incremental_path_profile.m,.m,True,source_or_document,100,31b26b82e54e6d6055255c73840bdf55c169d560206ba3b7c5321f323b58a0be
verification/crack_path/main_incremental_path_regression.m,.m,True,source_or_document,54,264f4856030c4243634540c8337247dc9ed3b4c48045e92c643383815dcb2b2b
verification/crack_path/main_m1_independent_trajectory.m,.m,True,source_or_document,244,1d116e20b4f381067ecde34102f24cc80cf174275f24d5e9290d8442b9a0871e
verification/crack_path/main_stage1_freeze_starting_state.m,.m,True,source_or_document,303,37a1af6d9e1197f2b1317a4f012674fa6d2b87644b8d256e22d18636e1800953
verification/crack_path/main_tip2h0_independent_trajectory.m,.m,True,source_or_document,254,2f816e46034b5060add57e8b56930ab1cbed6e51a2f11ea4878b1d09de27f4fb
verification/crack_path/main_tip_core_mesh_level_comparison.m,.m,True,source_or_document,177,9cd9d126cbb8363e195259ff7857eefca9e3335f46b408d0512bcc5b68424cf6
verification/crack_path/plot_increment_sensitivity_coarse_publication.m,.m,True,source_or_document,547,acd638ce135a25615dd001d713ac67d51b2273fd22ef8fc4fdfe144bdf1b3628
verification/crack_path/plot_m1_vs_reference_publication.m,.m,True,source_or_document,499,a9566c43f2cf599481b09a023da283df67ea9752bd993c897bb0acc5c4fbbcbd
verification/crack_path/plot_tip2h0_vs_reference_publication.m,.m,True,source_or_document,500,ac90bd1ec103fb83f0dd751e1e07a0c8fa28a0f42c641da45bd3e238092d12d4
verification/crack_path/profiling/baseline/summary.json,.json,True,source_or_document,1,b8f69745b7135a09d3cd2311ec0a16ffc057f8118292a434b7dc437f23dc60e3
verification/crack_path/profiling/fast/fast_edi_probe.json,.json,True,source_or_document,1,ae1b62a05bf965580de986c72356f13ab6309ccb6b09b2fdf29a0e5aec43ad74
verification/crack_path/profiling/fast/final_verification.json,.json,True,source_or_document,1,af8ee22bf3c4f6636dfa2e74b1bf62ab9453b8f8c48da926e4e8909206a96918
verification/crack_path/profiling/fast/summary.json,.json,True,source_or_document,1,4e647bc1b867ca40dd8656544f18dbf7a8c57bc0f0437cf472c11fbb71477f41
verification/crack_path/README.md,.md,True,source_or_document,177,fee836f5697e2ba5476dee35772693e82f6d38f5c81351ce40042a7ebd5a9018
verification/crack_path/STAGE3A.md,.md,True,source_or_document,119,e2bc7e913cb9473419f159ed614808a5652c0e5f0503a3e5e07f1ad1401f0ea0
verification/crack_path/STAGE3B.md,.md,True,source_or_document,125,db8e94d12c46f2e41afa0c24ace2d6e46052a4ea6d02c45ffbac99053f57ce4e
verification/crack_path/STAGE3C.md,.md,True,source_or_document,198,978f5b07951e1ed5dc6c3552b31acf03a6572d3a64b306bb924e6c3d21f0bd5e
verification/crack_path/STAGE3D.md,.md,True,source_or_document,197,d8c53d7b40567bb23dce3127d9b0d707d6d23c3cd7dfaa23ca85f81c56a11865
verification/crack_path/SYMMETRIC_PATH_STABILITY.md,.md,True,source_or_document,86,f6575ed2ecedababd0dc4360a20bcb60b07d3e05542fac5297897a0149bc4cab
verification/crack_path/test_incremental_fast_edi.m,.m,True,source_or_document,57,79367182bebcc59c3f0a0fd5ab6f598a093ebd28f7bc3637c7917f93db1f7c59
verification/crack_path/test_incremental_profile_clock.m,.m,True,source_or_document,23,d029273d74100a2d3819195e010a3718d38f8129834b28250ba6ed0ec3c1ec1b
verification/crack_path/TIP_2H0_INDEPENDENT_TRAJECTORY.md,.md,True,source_or_document,159,f36d9fd98bd8c10444e7f8b3b4e7d0d5691668aea00256ce185d6d7b3d2a0ad4
verification/crack_path/TIP_COARSENING_H1.md,.md,True,source_or_document,113,d5fcab65eaed63dd1d373da58c20655777ef949c8bab5760ac8c33055b1b731e
verification/crack_path/TIP_REFINEMENT_H2.md,.md,True,source_or_document,127,ae49c42840bb3a289d8baf698cbe4b1e350aba26bc298803244d83306ad198cc
verification/sif_audit/AUDIT_CLOSURE.md,.md,True,source_or_document,225,78d5ed5f49f96fcccaf486cf5bac7acff1f14cc1f360c6d61e5daff99fa531bf
verification/sif_audit/build_crack_path_polyline_LEFM_mesh.m,.m,True,source_or_document,327,15a9478116a480c94af54e2d9917b1f7dd06c8655d3a6228ffe1d3e8c82ec2e0
verification/sif_audit/build_graded_ring_crack_mesh.m,.m,True,source_or_document,307,c9371e152819d7e8177428d96f55cdbf81343dbe0ab13cde8f4b79f203162070
verification/sif_audit/build_literal_ring_crack_cut_mesh.m,.m,True,source_or_document,32,9930aa17569f1be2e63390eee8c0ddfea9861d5c9f83df8abb7cee218b9f1740
verification/sif_audit/build_literal_ring_lattice.m,.m,True,source_or_document,123,ebed80fba1de32433623a88a8f484226d85c7215c7cfa91b4b7cb4afdf062f6d
verification/sif_audit/build_step62_graded_exterior.m,.m,True,source_or_document,263,c9cca257885659bf51a2bf8fb3d3ccdd18fe2f777eac89ecf8d5422bb0373df1
verification/sif_audit/build_step62_structured_patch.m,.m,True,source_or_document,94,6becb8123508e34c971d1f9d508af8f626f7cbcf28ed6b3643dc90a4c0819908
verification/sif_audit/cfg_crack_path_two_leg_control.m,.m,True,source_or_document,106,eeeba39a41c2fd1bc9affb8f6c2e9dfbe2920371ee5f698a1201bcef4692c608
verification/sif_audit/cut_negative_x_ray_t3.m,.m,True,source_or_document,116,4cb137fb57447abd30f5298ae83ebc6c32c3060b6e5212d89e87d47e32c825fa
verification/sif_audit/exact_williams_displacement_audit.m,.m,True,source_or_document,86,eb506fb0b0f8812d54f497011134f8bde8f1d9fd320e343858acc9bc09282176
verification/sif_audit/flip_literal_cut_mesh_lower_diagonals.m,.m,True,source_or_document,289,8af7521af0ed8782128b875436b6d2a46360c7340b6987f5a86648cf259cec3a
verification/sif_audit/main_step10_signed_modeII_audit.m,.m,True,source_or_document,162,ccdaa2b21d804214f12eba86d727bad4f77075ee7421d734ea6d27a811206f6b
verification/sif_audit/main_step11_production_symmetry_parity.m,.m,True,source_or_document,303,58dc732f83286bbd57123783437b05b0db4d49c55c25ef869bf3eda7cc89f715
verification/sif_audit/main_step12_stage1_mesh_refinement_audit.m,.m,True,source_or_document,268,068b27b362c3cd76bdcb216e6541b2f01f855fe78a18bb80f5da52c2242ed648
verification/sif_audit/main_step13_compare_stage1_stress_estimators.m,.m,True,source_or_document,329,c92929d7bdfbb304457290fd9686414c78f5d80fa412d38a8e1472533a1ee65b
verification/sif_audit/main_step14_stage1_offset_sensitivity.m,.m,True,source_or_document,392,4012e08cb11fe9006af46fa5157ac2cb7abc8d5b704e1479f55c4f70d219843d
verification/sif_audit/main_step15_stage1_redesign_preflight.m,.m,True,source_or_document,173,93a416461283f56434b7f3b70542ef434205fe7bce480e4948778a72c7961977
verification/sif_audit/main_step16_stage1_angular_window_audit.m,.m,True,source_or_document,311,3098db337f93f5550874800dc6a08a79df762dd8e78fb927b1dc718219fad445
verification/sif_audit/main_step17_centered_half_domain_verification.m,.m,True,source_or_document,334,34ff16d345ee24dbed65aebef2fa01bc40048b3473de63e59beea19123d4bf6f
verification/sif_audit/main_step18_centered_half_stage2_symmetry.m,.m,True,source_or_document,334,1728bbab006a54637004e6f54ac16235ff3d7ff7240326bf1389d04eb5c0766f
verification/sif_audit/main_step19_asymmetric_stage1_validation.m,.m,True,source_or_document,384,206e899abdc0f448d1941d4bf6d6f3f816a31d239d014313c6e64a8105893d2b
verification/sif_audit/main_step19b_asymmetric_peak_hierarchy.m,.m,True,source_or_document,250,f78eff6f7f9da294be74188ecfc10039e6365d5c9a09b644ad97d219faa5be5f
verification/sif_audit/main_step1_same_field_compare.m,.m,True,source_or_document,34,8064be275bfa126432a5055c573a73173c7b16406882aa36148806005cdb590e
verification/sif_audit/main_step20_asymmetric_stage2_probe.m,.m,True,source_or_document,314,62b6de26fadf2727fc1a1bcd88b97d659371ff31249523de31c5412b27726304
verification/sif_audit/main_step21_asymmetric_initiation_perturbation.m,.m,True,source_or_document,249,a5a8cb1c1c06ec97a7e53d589c1ccb6f065beb1a02153b608c3dc588a4c43294
verification/sif_audit/main_step22_asymmetric_length_sensitivity.m,.m,True,source_or_document,266,35760b43329b55f60353053306155718fd0e10268fbb65916ca1636e43f9c438
verification/sif_audit/main_step23_asymmetric_fixed_mouth_convergence.m,.m,True,source_or_document,278,ec3741ff11fa008a702a30af4d2d3b4dd3514176476b1e8a5be773e64e298fc7
verification/sif_audit/main_step24_fixed_geometry_FE_refinement.m,.m,True,source_or_document,175,451b00742193b4eb647572081447d30ec99246555a50a94b79aee2c5ffe4e9b8
verification/sif_audit/main_step25_EDI_weight_audit.m,.m,True,source_or_document,201,7c79c7be33bec1fc0c17bbe8eb59f69510853bc11d9145aad1dcb6c8d7fdf927
verification/sif_audit/main_step26_EDI_exact_field_replay.m,.m,True,source_or_document,218,f0fbf0845ae117978bc789e161c13fd32f3c26dcd620a25bccb85793c013d5ea
verification/sif_audit/main_step27_EDI_quadrature_replay.m,.m,True,source_or_document,209,b948d9d3145f2ecc497e0e4c0285f0246a00088aefec2841279d97a17f30a1e1
verification/sif_audit/main_step28_EDI_interpolation_audit.m,.m,True,source_or_document,167,b312a010f5bfdf95ce1bee12842c16992233d95a903fdf57c888018da0d75d17
verification/sif_audit/main_step29_crack_face_COD_audit.m,.m,True,source_or_document,253,0c43145eed16ab982bc7f84d66a065275c1b68709c9743faa2be038ed3c81cf3
verification/sif_audit/main_step2_validate_edi_normalization.m,.m,True,source_or_document,28,bd1f09a885871c175d2146da6727b53c2445db0ba1f990e1b314d14796d9005d
verification/sif_audit/main_step30_native_face_COD_robustness.m,.m,True,source_or_document,246,dc2ccca79ee4cfccfe87fe8f5fcb407f03446946a30f06634111abc8f16550fd
verification/sif_audit/main_step31_full_annulus_mesh_audit.m,.m,True,source_or_document,514,977efb25f5aabd1323011eda4c5cc789b8d7900ba9936a42ba5558360f544cb1
verification/sif_audit/main_step33_nested_annulus_refinement.m,.m,True,source_or_document,472,8c528b917607fed0c30c2a8085369c1eaa177d91bacfa8ce1f2a855953e68576
verification/sif_audit/main_step34_second_nested_annulus_refinement.m,.m,True,source_or_document,506,24bc56ef509f99b4ca57e15d77621a491b966e9df355e342dd735f0f5a5090fa
verification/sif_audit/main_step35_cod_profile_compare.m,.m,True,source_or_document,199,fafc90fe0e66b68d36197d8b6ea24772163b46b11acf4805939404c67e171fb1
verification/sif_audit/main_step36_cod_tip_window_audit.m,.m,True,source_or_document,221,c3553d58ff0b6acccb8fa219745f87bab5f2c49a22e8460c23747d3ec2c82643
verification/sif_audit/main_step37_tip_core_refinement_dryrun.m,.m,True,source_or_document,261,fd87cb685479a696acde921683769b3016909219eee9b599150e80aae2760e76
verification/sif_audit/main_step38_postprocess_tip_checkpoint.m,.m,True,source_or_document,243,a1d7fae0f820aad90a2912b3952a8243c340b5adcc282634c41f218a56d13dd6
verification/sif_audit/main_step38_solve_tip_checkpoint.m,.m,True,source_or_document,188,4651e843cc924d143f8675d2435221eaaffda184d9847b51430d8ecd82240dfe
verification/sif_audit/main_step39_tip_cod_sensitivity.m,.m,True,source_or_document,210,aad197543ee7bb0fca25f5a2763573063d4ffaa0ee17bf1bc57a7f053e5192de
verification/sif_audit/main_step3_radius_domain_sweep.m,.m,True,source_or_document,34,c26775e38bca18603bfcb5834fe1c7fd133814f7b9b491754eaf384d2fcd5f16
verification/sif_audit/main_step3c_exact_field_edi_domain_sweep.m,.m,True,source_or_document,198,3722988cca1ac6a4ff84abf5bea773b01a36dd2d3fcf691d3e334db564a738cb
verification/sif_audit/main_step3d_s0_refinement_study.m,.m,True,source_or_document,39,8984fb5e2030d86fff2caa4362cfc3346507bfbb938e3396d5225c3727cfee76
verification/sif_audit/main_step3e_compare_edi_weight_functions.m,.m,True,source_or_document,34,b095cff4726f30e4ef1afd1b1260095fd5ea2deee351a7a482c1201cf3c1461f
verification/sif_audit/main_step3f_physical_field_compare_edi_weights.m,.m,True,source_or_document,82,d551ec41978692d30e205b334c949b8f69e6feb3ab888603b4790a6f346af0ec
verification/sif_audit/main_step44_exact_williams_replay.m,.m,True,source_or_document,305,8ac740c3d6f0a183c87377497369120c0f7b7a9e80df63548901164369c41689
verification/sif_audit/main_step45_coarse_exact_pureI_replay.m,.m,True,source_or_document,212,45f43ff78315c307ac87ab786c7e45ceb00fc840ce1256351cff92f2fb0fbba9
verification/sif_audit/main_step45_local.m,.m,True,source_or_document,84,24a30d68ea6e1faf4ae584663e46cf584f3a8f19b2c59874990cef40cfe2f7c4
verification/sif_audit/main_step45_prepare_symmetric_checkpoint.m,.m,True,source_or_document,183,cc44db1d8a65080cfb0c53519e9dbddb751717a4014126b514ebf066a7ecdaf6
verification/sif_audit/main_step45_symmetric_field_leakage.m,.m,True,source_or_document,332,8fb0c66ab1a58efe5ceb094b1dd0c0a6c6c03036ec0d801e602ef55882e7a2bb
verification/sif_audit/main_step45c_exact_gauss_isolation.m,.m,True,source_or_document,195,d244a2cfb97382e0e4e91393b9a7d1fd13c0500d4e9c30d702ba440fdfb3de45
verification/sif_audit/main_step46_symmetric_mesh_preflight.m,.m,True,source_or_document,286,1f2bfba753060c6fe7a41a6b2955b045eb1440fd3863e74102bd1a2968d3f3b9
verification/sif_audit/main_step47_local.m,.m,True,source_or_document,291,11a6cda65971232ed57424d3fdaa4110d084c89e60108af2c9963cd086888f58
verification/sif_audit/main_step48_refined_matched_edi.m,.m,True,source_or_document,140,f91dec9052ff1f17622b942dbab6fc97c95ac71a05e90bfbb5f02129bc91407d
verification/sif_audit/main_step49_reflection_parity.m,.m,True,source_or_document,367,5fcc414352763c076cca0bc2a11bae60452f9c0042ea04c459c80cfe70d552ec
verification/sif_audit/main_step4_graded_ring_asymmetry_experiment.m,.m,True,source_or_document,209,eb18bacd55db4caf3abae402dcbdb2be9ab3c2fdc273f4668c006d90ff867089
verification/sif_audit/main_step4a_preview_graded_ring_mesh.m,.m,True,source_or_document,48,0f0e937f4230048d3d8dee18f2a4c3e79a59b8eaafc4f1d6876dd76346c27600
verification/sif_audit/main_step4b_preview_literal_ring_lattice.m,.m,True,source_or_document,26,eedbfa7fcd7ebfcae9265952ccb956d216a278febc8e8438bafdd1396181b03f
verification/sif_audit/main_step4c_preview_literal_crack_cut.m,.m,True,source_or_document,169,04e9a042034d6f44e9b9738ce4939c32ba12c4522b47d762f1265f5d118a1468
verification/sif_audit/main_step4d_literal_mesh_sif_validation.m,.m,True,source_or_document,284,7fbeb57202e8aa8a3a81b7820dfb92233ba048c04dec6e8706f71135489fd9a4
verification/sif_audit/main_step4e_literal_mesh_asymmetry_curve.m,.m,True,source_or_document,300,8a47f64c07c80f1e9914cbfe4c769eed74eb53b17427346d70fa0df5de89314c
verification/sif_audit/main_step4f_literal_mesh_connectivity_asymmetry.m,.m,True,source_or_document,316,ffbec53b9657c9662f40335a87c66877c4a4a0dc1949ec39519ca763a51f07e4
verification/sif_audit/main_step4g_topology_diagnostics_only.m,.m,True,source_or_document,70,0fd1868c0c81bb6e98997b936c6a3749231539e997dd5e020e8b4f7d0876bc4f
verification/sif_audit/main_step52_interpolated_reflection.m,.m,True,source_or_document,312,68419625a6ba9d06f2c3f62dca0a24118accdeac57b175b5c763844d07948389
verification/sif_audit/main_step53_common_grid_parity.m,.m,True,source_or_document,313,1cca5f225ff3a1a7ce477109afd8e560c398cab722d4fc2aa4b320673d315966
verification/sif_audit/main_step54_geometry_symmetry_preflight.m,.m,True,source_or_document,195,d3f79f05994a46f5b11dcc4e690158625a2d6fc5e532c31fc4545f95a61d94b3
verification/sif_audit/main_step55_upper_half_boundary_preflight.m,.m,True,source_or_document,253,08c8ad437f0a1e3b8fe867161087a08579cef29c9ff34db61585c90579f026b6
verification/sif_audit/main_step56_reflected_mesh_preflight.m,.m,True,source_or_document,502,e00666fff3e2cc944ba3064c31c587a0c94839b732458e1bd7e10462688a4272
verification/sif_audit/main_step57_reflection_paired_control.m,.m,True,source_or_document,319,e1989fa9ff8a7c334f4f91778bd698d9955704a77229b8b410d2668503b84577
verification/sif_audit/main_step58_reflection_paired_matched_edi.m,.m,True,source_or_document,175,ddad09a8fbe98f03a598c5ac6d0539c81f1252ce0e6601f7e59caa1ebabc7f6d
verification/sif_audit/main_step59_paired_exact_pureI_nodal.m,.m,True,source_or_document,125,6c6e255aa6aa63552c9cf74db1f23c9ec07c27439aa0ba91320877720119bcfa
verification/sif_audit/main_step5_physical_mesh_stencil_audit.m,.m,True,source_or_document,117,ac8b3ca97c6431ff0bc60357d90495384c9212f875a96cbd2efd18302d851363
verification/sif_audit/main_step60_visualize_step38_mesh.m,.m,True,source_or_document,486,116b8059ea4e60750be688d40148643457828c9efd08a745a25c91aeec9fe247
verification/sif_audit/main_step61_local_paired_patch.m,.m,True,source_or_document,788,fc448cd17abf4bdd6470cc94966cd6376f41ba17cd975fb64744dff987621334
verification/sif_audit/main_step62_structured_graded_mesh.m,.m,True,source_or_document,764,7d993c89db5b982252ea64842f4795d6f377d9a4f3c885523504bbd08a4af051
verification/sif_audit/main_step62b_mesh_calibration.m,.m,True,source_or_document,387,11194679147d72d33a539966b8406dea82a663ba50632f0c01632c3cffaa3ee5
verification/sif_audit/main_step63_calibrated_asymmetric_physical_solve.m,.m,True,source_or_document,562,4d913f7898cf8f81a244f3bd5255544583d4663a9e47faad2867a00a3b2f7f51
verification/sif_audit/main_step63r_recover_lost_physical_field.m,.m,True,source_or_document,190,11c7af640caecb84a805cd52deb1b580781bc0d436d0188ca19534e4b641de95
verification/sif_audit/main_step64_matched_physical_edi.m,.m,True,source_or_document,252,38949a48fd6b61bd0e827e561f5830c05e53653982f188482377bf243686c6e7
verification/sif_audit/main_step65_level1_mesh_qualification.m,.m,True,source_or_document,236,a6209badd8bd1a8d2b61198cdb1187d16038981e842614bff4c38fd11c76b761
verification/sif_audit/main_step66_solver_memory_preflight.m,.m,True,source_or_document,357,ea260758e4f0022b28756ba37ffaf57cdf0c98d832a5792fbad8195936e3fb24
verification/sif_audit/main_step67_level0_iterative_solver_qualification.m,.m,True,source_or_document,516,8b163eff1a708d6ed72f6e595668477142a4797175dc5c9be84f8238848d9592
verification/sif_audit/main_step67a_level0_sgs_solver_qualification.m,.m,True,source_or_document,525,d1572bf2bc9e346281e585edb21103623410d99b0205ee70c88f3b971cef6cb1
verification/sif_audit/main_step68_level1_sgs_physical_convergence.m,.m,True,source_or_document,632,0305c72e29a8edec2c1974b94f78d0a6b32f53d46b533248b273a57a62d56bed
verification/sif_audit/main_step69_sqrt2_scale_convergence.m,.m,True,source_or_document,589,840a20b0b4edbc475e4e87acf41aa819c4a5dde465da492a0e75405278b617ac
verification/sif_audit/main_step6_exact_williams_on_physical_mesh.m,.m,True,source_or_document,255,5d0a1f55d5ce8f9a8133719d71edc1950dabea090c140a05ee66c30c1d6de2c8
verification/sif_audit/main_step7_edi_aux_derivative_sensitivity.m,.m,True,source_or_document,176,4c99a0ecdc016c8119ec00e0ebf5b4a1928458ad79a26c021622509738a3cb1d
verification/sif_audit/main_step8_production_crack_path_preflight.m,.m,True,source_or_document,230,0fcfad4c83a264d27dea02d773fb2506367ae7f21f4456dcaca78ac8c9ac100f
verification/sif_audit/main_step9_production_theta_sweep_compare.m,.m,True,source_or_document,331,e15a99300905f65c119a65113a153e2f4a416fbddaeb3ea857f721c0dee75c50
verification/sif_audit/native_COD_audit.m,.m,True,source_or_document,76,5b28bc6f15200205a8523557ec872293edf04dc7f47542539b84cc9c53b3e477
verification/sif_audit/perturb_literal_cut_mesh_lower_angles.m,.m,True,source_or_document,188,6635ebb679c1de22da71ea6216641c2251f8e2f84007315fdac5cb0a1c89b70e
verification/sif_audit/plot_s0_full_mesh.m,.m,True,source_or_document,13,51a8b3a1fee216cdd6e0b514d98ccb49a7920d5603171268f28e96643a8b21f6
verification/sif_audit/plot_step34_mesh.m,.m,True,source_or_document,215,f127b52155e9fa5a652604a6719987197afa9bf04a420f38a142afd79a55d2d0
verification/sif_audit/README.md,.md,True,source_or_document,145,1bb7f767d2bba78b8a623dd68e12dd11b70b81d6fa031664954e7a13ba9c20e6
verification/sif_audit/refine_collapsed_t3_annulus.m,.m,True,source_or_document,281,8dd6f41b60fbe324e3f514d6b7c38eceeaa444f16d7ecc96f519e1b3f0632843
verification/sif_audit/run_crack_path_old_vs_edi.m,.m,True,source_or_document,156,dd1a75616e4e7b4ded55733cbce471a975a6220dd361ec47cf0bba5817c9c98f
verification/sif_audit/run_s0_annulus_sweeps_for_mesh.m,.m,True,source_or_document,38,88ef9eaa8f025a69a8cbd05116dcd2480b7452f52f020ba71ca76dff19bdb864
verification/sif_audit/sample_hole_boundary_stress_audit.m,.m,True,source_or_document,143,1f5bddb6da43c1920ce1aa6decfab3c2cb30a1e2318833a75118dcb390b48352
verification/sif_audit/sample_hole_boundary_stress_direct_U_audit.m,.m,True,source_or_document,147,37902b4e36a6f182fca3fb853c92e5c8287f35146e7d5e7467ec61f66b3f7016
verification/sif_audit/solve_crack_path_polyline_field.m,.m,True,source_or_document,148,eb175a716a1d136442870ff09b443e327fe092896fb907a8ab541a3e5daaebc0
verification/sif_audit/STEP44.md,.md,True,source_or_document,88,3d0bbce895d1ed7aa4428668db2e5fda12b6918dc1e67e2b5d1e05ed7ec151e4
verification/sif_audit/STEP45.md,.md,True,source_or_document,277,652d2b7db607bb8b0f50198edf759df942e5f819249af53c4580a3720353ee9e
verification/sif_audit/STEP46.md,.md,True,source_or_document,146,533cdda7e6c8543809b1c87713cd1eb5c27f6951ed93fa5e8c28a62303786d11
verification/sif_audit/STEP47.md,.md,True,source_or_document,115,2726e64452fd9e75c1578d9c6c976b3e8631e6f5d3df9d086d5ca7ea147e64b8
verification/sif_audit/STEP49.md,.md,True,source_or_document,159,43beaddee348660b8834df51b6e6e4855780686e7c7f196d5e23adf8d89b1666
verification/sif_audit/STEP52.md,.md,True,source_or_document,66,ec0cccc749403800458cce14e1f778ae0604fd7fa23bfcbb83307122ea2975fd
verification/sif_audit/STEP53.md,.md,True,source_or_document,80,694583014dd146381c03c647135ebbe194649ab50bd9d048d1178ee898d8a689
verification/sif_audit/STEP54.md,.md,True,source_or_document,55,c6d67b4d0cd6920db8d7e479e4be723cca159f90487b4cdfb506ae4bae6d086a
verification/sif_audit/STEP55.md,.md,True,source_or_document,54,e333157e51cd74f0633db1690252fa22685638c23fdbe607c1b60beaf326ae27
verification/sif_audit/STEP56.md,.md,True,source_or_document,86,b4cc19028fd28652832290c97868b05a8e60fc7a43b5d033c193e5640add0952
verification/sif_audit/STEP57.md,.md,True,source_or_document,139,598051b45cd12701798b2095ea4ad51aefb467c811e9679877058c8bd7ecd76a
verification/sif_audit/STEP58.md,.md,True,source_or_document,98,bfeee86c77aadfb0bbd26627b365a790eb9211a479b5d023914e8f7cea43c77e
verification/sif_audit/STEP59.md,.md,True,source_or_document,106,00aa0f952b3b02e2ee3addeb303ac7de4bf38643b949e10132d90c8be122d806
verification/sif_audit/STEP60.md,.md,True,source_or_document,125,6783bcfa1e3c9bb9852bbe3d8e2dbc2c8dabf3cebf8728d604d4f86eba320018
verification/sif_audit/STEP61.md,.md,True,source_or_document,256,56c34d26e9db7355a0e882888031a158e9200db7ef080b6559b4eec3c10039c2
verification/sif_audit/STEP62.md,.md,True,source_or_document,254,c1d7bf1b07880f6b06796fe852e4d11865b91cbb0a4c0a01286700b8b64c6674
verification/sif_audit/STEP62B.md,.md,True,source_or_document,168,7dd91b257a32106cae2e0e0daa66a559fc32841d7f8958d0987adf7d194acbf7
verification/sif_audit/STEP63.md,.md,True,source_or_document,127,dfe2c4713266a4cea8917a6c911c0b9525b10b0be63bc6862eb2197d5858d7ae
verification/sif_audit/STEP63R.md,.md,True,source_or_document,115,8f1ead864944217b4a7333c8aedeec14629b779ad040fe3efbdde2704aeddef7
verification/sif_audit/STEP64.md,.md,True,source_or_document,129,b87f409b3e51ae027382e61d1e6d119fae19316dfc4036a488c7f2224e0e75af
verification/sif_audit/STEP65.md,.md,True,source_or_document,196,181801e1d6a8b26fa04c1607f382bc10a5902f6f687f4e8213cc0a4a2a7a9fc5
verification/sif_audit/STEP66.md,.md,True,source_or_document,224,78b99ddd65cf864baddad7c91a2aa248ad5560ab0bc21f74913d5998b134c377
verification/sif_audit/STEP67.md,.md,True,source_or_document,197,0d0899823843f89aa636f893cae2534f164dc408b38ea1af647f8a56435c7bd2
verification/sif_audit/STEP67A.md,.md,True,source_or_document,184,be1acb2d721d580e6af2028037592347b2f2e563ae4e03139f1cf453e5fdb7e1
verification/sif_audit/STEP68.md,.md,True,source_or_document,240,ed8e7fcc33065505ad70359803b05f1ee538565dd2d3415ad0509c3415894982
verification/sif_audit/STEP69.md,.md,True,source_or_document,248,457e7a7317051871bad37aa966f424694f1eb582fd3291cc44ab90104acdf2bd
verification/sif_audit/STEP70.md,.md,True,source_or_document,64,14d8d3bbd74d6577239b1bef517556538b4362efa859968ba571e183b14ef870
verification/sif_audit/STEP_INDEX.md,.md,True,source_or_document,66,94d48c5c08f4ebfd9d676ea812cfc5c8e77ad664ec3e615bdee361c8ce1722df
verification/sif_audit/sweep_same_field_radii.m,.m,True,source_or_document,207,df5be696d225c2122c7d9b7b0467595d929bb75f788c3d9dd9fad2e34b22fa5e
verification/sif_audit/test_literal_crack_cut.m,.m,True,source_or_document,153,0d3806127d9871a8a315e224eb89d64ccfcf2b31e53ecc61820e6cb4f6cf1f76
verification/sif_audit/test_step44_cod_micro_mesh.m,.m,True,source_or_document,80,4c0901e4b4713156ab00b442388a33e1a489b7a8ac9beb1c3c7d7f7223f0e7b6
verification/sif_audit/test_step45_no_solve_guardrails.m,.m,True,source_or_document,28,6e35e24fff2358aacc020f7114df8b152eda9f42345d0d396200655072f1495e
verification/sif_audit/test_step62_saved_candidate.m,.m,True,source_or_document,46,60c260a32a13dc920ff2ced3108d76ab8109583bcdfe3af0ea52e7ada4a3da24
verification/sif_audit/test_step62_structured_family.m,.m,True,source_or_document,32,c32b631117e48f5b8c3c9619aeea9b2f627d8f1edd6f3cb308f3256089bfa1eb
verification/sif_audit/validate_EDI_Williams_fields.m,.m,True,source_or_document,508,81da12b526a89fb35014dcc0c777a834662511f989bc360338c2403f936089c7
verification/sif_audit/validate_literal_crack_cut.m,.m,True,source_or_document,238,1e7d97cac9087eb48bdfb89dfefd46ebbcfd318e876d7e92471ea01e66de73f0
