segment,tip_x_m,tip_y_m,theta_deg,KI_unit,KII_unit,KII_over_KI,delta_theta_next_deg,theta_next_deg
1,0.203987388488823,-0.020925971758887,0,0.366479612185,4.19826648316e-06,1.1455661771e-05,-0.00131272214161379,-0.00131272214161379
2,0.207985902284686,-0.021035001224146,-0.00131272214162,0.437864119925,4.10524020214e-05,9.37560310455e-05,-0.0107436495453,-0.0120563716869
3,0.211984395565914,-0.021144780457036,-0.0120563716869,0.474334420576,0.000109830836465,0.000231547262229,-0.0265333584477,-0.0385897300243
4,0.21598283758,-0.0212564113582,-0.0385897300243,0.499809523098,0.000188172855947,0.000376489136862,-0.0431424628807,-0.081732192905
5,0.219981194406,-0.0213710529664,-0.081732192905,0.521402328367,0.000269154507476,0.000516212707218,-0.059153582129,-0.140885775034
6,0.223979430741,-0.0214898225154,-0.140885775034,0.541726107084,0.000354845561738,0.000655027618381,-0.0750605608492,-0.215946335883
7,0.227977508051,-0.0216138298662,-0.215946335883,0.561827431823,0.00045227473306,0.000805006497446,-0.0922468100839,-0.308193145967
8,0.231975380526,-0.0217442740002,-0.308193145967,0.582127145963,0.000569854079713,0.000978916863205,-0.11217535869,-0.420368504657
9,0.235972989952,-0.0218825450312,-0.420368504657,0.602776069553,0.000715297083992,0.00118667133638,-0.135982071682,-0.556350576339
10,0.239970259956,-0.0220303033298,-0.556350576339,0.623806538196,0.000894467807967,0.00143388655488,-0.16431050753,-0.720661083869
11,0.243967089789,-0.0221895242135,-0.720661083869,0.64520691878,0.00111017919071,0.00172065605373,-0.197171297654,-0.917832381523
12,0.247963348031,-0.0223624983711,-0.917832381523,0.666967411607,0.00136081983202,0.00204030932897,-0.233799955942,-1.15163233746
13,0.25195886717,-0.022551778091,-1.15163233746,0.689119494631,0.00163876713081,0.00237805945642,-0.272501944841,-1.42413428231
14,0.255953440898,-0.0227600585118,-1.42413428231,0.711781210373,0.00192852319582,0.00270943257241,-0.310472784522,-1.73460706683
15,0.25994682736,-0.0229899814545,-1.73460706683,0.735217732936,0.00220453204337,0.00299847507019,-0.343592725012,-2.07819979184
16,0.263938763219,-0.0232438477565,-2.07819979184,0.759930294079,0.00242879811783,0.00319608013623,-0.366235076614,-2.44443486845
17,0.267928994822922,-0.023523225184174,-2.44443486845,0.786793202683,0.00254836873975,0.00323893080298,-0.37114504551,-2.81557991396
18,0.271917332999444,-0.023828444105115,-2.81557991396,0.817281074791,0.00249160334502,0.0030486492614,-0.349341895889,-3.16492180985
19,0.2759037360831,-0.024157974763198,-3.16492180985,0.853877864167,0.00216241439173,0.00253246334456,-0.29019458026,-3.45511639011
20,0.279888419019322,-0.024507691645522,-3.45511639011,0.900893281893,0.00142712729561,0.00158412469522,-0.181526255616,-3.63664264573
21,0.283871973975103,-0.024870031146918,-3.63664264573,0.96630991609,7.86022322311e-05,8.13426737347e-05,-0.0093211836547,-3.64596382938
22,0.287855469930842,-0.025233018709527,-3.64596382938,1.06672380365,-0.00228448674501,-0.00214159160712,0.245405694839,-3.40055813454
23,0.291840484068335,-0.025578941134334,-3.40055813454,1.24436044366,-0.00678031246004,-0.00544883316936,0.624347038002,-2.77621109654
