point,x_m,y_m
P0,0.199988872196,-0.0208170339049
P1,0.203987388488823,-0.020925971758887
P2,0.207985902284686,-0.021035001224146
P3,0.211984395565914,-0.021144780457036
P4,0.21598283758,-0.0212564113582
P5,0.219981194406,-0.0213710529664
P6,0.223979430741,-0.0214898225154
P7,0.227977508051,-0.0216138298662
P8,0.231975380526,-0.0217442740002
P9,0.235972989952,-0.0218825450312
P10,0.239970259956,-0.0220303033298
P11,0.243967089789,-0.0221895242135
P12,0.247963348031,-0.0223624983711
P13,0.25195886717,-0.022551778091
P14,0.255953440898,-0.0227600585118
P15,0.25994682736,-0.0229899814545
P16,0.263938763219,-0.0232438477565
P17,0.267928994822922,-0.023523225184174
P18,0.271917332999444,-0.023828444105115
P19,0.2759037360831,-0.024157974763198
P20,0.279888419019322,-0.024507691645522
P21,0.283871973975103,-0.024870031146918
P22,0.287855469930842,-0.025233018709527
P23,0.291840484068335,-0.025578941134334
