functionName,calls,profileSeconds
"run",1,13.620414299974
"profile_edi",1,13.6197252999639
"SIF_LEFM_interaction_EDI",1,13.5719152992619
"SIF_LEFM_interaction_EDI>local_aux_LEFM_fields",359104,8.32339142220346
"SIF_LEFM_interaction_EDI>local_aux_displacement",1795520,2.85016464184592
"SIF_LEFM_interaction_EDI>local_T6_shape_grad",183744,1.08976251599982
"SIF_LEFM_interaction_EDI>local_interaction_density",359104,1.01655791492503
"SIF_LEFM_interaction_EDI>local_aux_stress_polar_to_cart",359104,0.708618110403882
"mean",103024,0.43607750640246
"SIF_LEFM_interaction_EDI>local_element_radius",51512,0.420212406169529
"mean>mysize",103024,0.106752701567336
"metaDim>metaDim.metaDim",1,0.0112061001645272
"SIF_LEFM_interaction_EDI>local_integr_T6",1,0.00840900012346036
"varNamesDim>varNamesDim.varNamesDim",1,0.00569110008355634
"metaDim>metaDim.makeValidName",1,0.00364830005356409
"tabularDimension>tabularDimension.init",3,0.00352510005175527
"varNamesDim>varNamesDim.dfltLabels",1,0.00261320003836682
"SIF_LEFM_interaction_EDI>@(x)isnumeric(x)&&isscalar(x)&&ismember(x,[7,12,16])",1,0.00235870003463027
"ismember",1,0.00207580003047675
"varNamesDim>varNamesDim.init",1,0.00206280003028589
"ismember>ismemberR2012a",1,0.00177160002601051
"table.table>table.table",1,0.00133800001964442
"ismember>ismemberBuiltinTypes",1,0.00130510001916139
"tabular.tabular>tabular.tabular",1,0.000945900013887638
"SIF_LEFM_interaction_EDI>must_have",6,0.000755700011095135
"tabularDimension>tabularDimension.checkDuplicateLabels",1,0.000751500011033471
"rowNamesDim>rowNamesDim.rowNamesDim",1,0.000750300011015853
"SIF_LEFM_interaction_EDI>local_median_finite",2,0.000584000008574248
"metaDim>metaDim.checkReservedNames",1,0.000471000006915189
"validateVariableNameLength",1,0.000371300005451401
"numberedNames",1,0.000253600003723338
"RedefinesParen.RedefinesParen>RedefinesParen.RedefinesParen",1,0.000144900002127412
"OverridesPublicDotMethodCall.OverridesPublicDotMethodCall>OverridesPublicDotMethodCall.OverridesPublicDotMethodCall",1,0.000109400001606203
"varNamesDim>varNamesDim.orientAs",1,0.000106700001566562
"tabularDimension>tabularDimension.checkReservedNamesImpl",1,0.000106000001556285
"tabularDimension>tabularDimension.tabularDimension",3,0.000103900001525453
"SIF_LEFM_interaction_EDI>@(x)islogical(x)||isnumeric(x)||isempty(x)",1,9.39000013786333e-05
"SIF_LEFM_interaction_EDI>local_max_finite",2,8.35000012259412e-05
"SIF_LEFM_interaction_EDI>@(x)islogical(x)&&isscalar(x)",1,5.68000008339337e-05
"metaDim>metaDim.orientAs",1,5.30000007781423e-05
"RedefinesDotParen.RedefinesDotParen>RedefinesDotParen.RedefinesDotParen",1,4.98000007311602e-05
"saveLoadCompatibility>saveLoadCompatibility.saveLoadCompatibility",1,3.60000005285495e-05
"SIF_LEFM_interaction_EDI>@(x)ischar(x)||(isstring(x)&&isscalar(x))",1,3.10000004551399e-05
"RedefinesDot.RedefinesDot>RedefinesDot.RedefinesDot",1,1.61000002363791e-05
"RedefinesBrace.RedefinesBrace>RedefinesBrace.RedefinesBrace",1,1.59000002334427e-05
