ring,radius_mm,targetH_mm,bandWidth_mm,upperAngularIntervals,arcSpacing_mm
1,0.0540246507853947,0.0555373410073858,NaN,3,0.0565744820067167
2,0.101984405931054,0.0568802141514642,0.0479597551456591,6,0.0533989100756196
3,0.151103810890936,0.0582555574903409,0.0491194049598825,9,0.0527451802471541
4,0.20141090558492,0.0596641561417725,0.0503070946939835,12,0.0527292517782043
5,0.252934407928168,0.0611068142073834,0.0515235023432479,15,0.0529744585191477
6,0.305703730224812,0.0625843552316894,0.0527693222966444,18,0.0533553662805147
7,0.359748995958034,0.0640976226722197,0.0540452657332222,18,0.0627880446021147
8,0.415101056986121,0.0656474803810061,0.055352061028087,21,0.0620989729107122
9,0.471791511154314,0.0672348130977155,0.056690454168193,24,0.0617573643945175
10,0.52985272033251,0.068860526954705,0.0580612091781953,27,0.0616511634696733
11,0.589317828889102,0.0705255499942896,0.0594651085565927,27,0.0685702430321293
12,0.650220782611522,0.0722308326985173,0.0609029537224199,30,0.0680909611287921
13,0.71259634808426,0.073977348531754,0.0623755654727378,33,0.0678390137004978
14,0.776480132535448,0.0757660944963873,0.0638837844511884,33,0.0739207357585392
15,0.841908604163328,0.0775980917019679,0.0654284716278793,36,0.0734703857175985
16,0.908919112954194,0.0794743859481121,0.0670105087908665,36,0.0793181557767847
17,0.977549912003724,0.081396048321499,0.0686307990495293,39,0.078745221078673
18,1.04784017935383,0.083364175807302,0.070290267350109,42,0.0783782621331955
19,1.11983004035755,0.0853798919154062,0.0719898610037192,42,0.0837630911442011
20,1.19356059058467,0.0874443473217655,0.0737305502271192,45,0.0833262485110022
21,1.26907391928123,0.0895587205252693,0.0755133286965634,45,0.0885980733705851
22,1.34641313339628,0.0917242185204905,0.0773392141150441,48,0.08812253351197
23,1.42562238218953,0.0939420774867015,0.0792092487932512,48,0.093306766722496
24,1.50674688243411,0.0962135634935496,0.0811245002445753,51,0.0928153909151825
25,1.58983294422861,0.0985399732237957,0.0830860617945012,51,0.0979334803534043
26,1.67492799743334,0.100922634713528,0.0850950532047356,54,0.0974433609634898
27,1.76208061874576,0.103362908110276,0.0871526213124228,54,0.102513694942308
28,1.85134055943059,0.105862186449451,0.0892599406848247,57,0.102037857908771
29,1.94275877372041,0.108421896449566,0.0914182142898162,57,0.107076433179248
30,2.03638744790302,0.111043499326679,0.0936286741826124,60,0.106624997436576
31,2.1322800301121,0.113728491628534,0.0958925822090845,60,0.11164592129994
32,2.23049126083819,0.116478406088864,0.098211230726084,63,0.111226904110246
33,2.33107720417738,0.119294812502361,0.100585943339197,63,0.116242778088798
34,2.4340952798357,0.122179318620794,0.103018075658316,63,0.121379934115388
35,2.5396042959072,0.125133571070796,0.105509016071502,66,0.120884881803745
36,2.64766448244475,0.128159256293848,0.108060186537544,66,0.126028534654834
37,2.75833752584244,0.131258101508983,0.11067304339769,69,0.125588013149386
38,2.87168660404943,0.134431875698779,0.113349078206998,69,0.130748833894115
39,2.98777642263523,0.137682390619181,0.116089818585799,69,0.136034441448111
40,3.10667325172697,0.14101150183375,0.118896829091742,72,0.135554192565686
41,3.22844496383989,0.144421109772912,0.121771712112917,72,0.140867485846088
42,3.35316107262249,0.147913160818824,0.124716108782594,72,0.146309252667418
43,3.48089277253855,0.151489648416474,0.12773169991606,75,0.145807295495212
44,3.61171297950866,0.155152614211637,0.130820206970115,75,0.151287079510657
45,3.74569637253444,0.158904149216359,0.133983393025776,75,0.156899362753762
46,3.88291943632916,0.162746395002611,0.137223063794723,75,0.162647349008703
47,4.02346050497928,0.166681544924814,0.140541068650116,78,0.162052230313482
48,4.16739980666156,0.170711845371918,0.143939301682289,78,0.167849648938199
49,4.31481950944157,0.174839597049759,0.147419702780009,78,0.173787247082405
50,4.46580376817944,0.179067156294419,0.150984258737864,81,0.173206621117113
51,4.62043877256987,0.183396936417351,0.154635004390427,81,0.179204154373666
52,4.77881279634371,0.187831409083019,0.158374023773849,81,0.1853467058503
53,4.94101624765925,0.192373105719854,0.162203451315534,81,0.191637782035977
54,5.10714172071183,0.197024618965326,0.166125473052578,84,0.191006653697979
55,5.2772840485915,0.201788604145957,0.170142327879673,84,0.197369961880496
56,5.4515403574187,0.206667780793118,0.174256308827197,84,0.203887132590653
57,5.63001012178888,0.211664934195483,0.178469764370182,84,0.21056188616962
58,5.81279522155783,0.216782916989014,0.182785099768954,87,0.209901549021471
59,6,0.222024650785395,0.187204778442168,87,0.216661562316537
