rMin_mm,rMax_mm,oldCount,newCount,oldMedian_mm,newMedian_mm,oldP90_mm,newP90_mm,oldMinAngle_deg,newMinAngle_deg
0,0.2,82,108,0.0652311962375099,0.0616327547431983,0.0704952796145291,0.0659788795027729,48.7068688633912,25.9941087327115
0.2,0.4,142,272,0.0811962816182656,0.0634556444401174,0.109086479618042,0.0710663586623649,45.3135989076577,42.2209404687178
0.4,0.8,698,1132,0.0720078428924194,0.064549407178819,0.114925916190064,0.0723317985737285,21.7230158369002,40.8010288805421
0.8,1.2,1494,1312,0.0704928613282649,0.0759719944738762,0.0827063204298187,0.091230570055799,22.4330445401424,40.2604732185669
1.2,1.6,811,1130,0.109158170964484,0.105492461413168,0.175198540664374,0.117528586379904,10.3698587073421,40.218050149645
1.6,2.4,1591,1894,0.13016423438047,0.130850967863475,0.158870959327632,0.148113684732688,20.6953401208597,40.413844242822
2.4,3.2,1827,1888,0.156224985064241,0.148856312511299,0.186831603852807,0.167050300852152,19.8096688317609,40.5465634677166
3.2,4,3130,2364,0.120259345300967,0.153069704672828,0.177574823057495,0.172102497206101,22.3867508154652,40.858752503584
4,4.8,3378,2888,0.134484308818954,0.153558809144044,0.157159798808174,0.172571541650942,19.7358535447379,40.8437405017636
4.8,5.2,1657,1644,0.147325560873861,0.153958637515684,0.17032460379612,0.172608475059362,20.3524322865249,40.8085698337979
5.2,5.6,1617,1514,0.154396094567661,0.162188289533337,0.182948898250096,0.183156245992328,22.1012107925548,40.777541510566
5.6,6.4,3894,3721,0.151116229181026,0.14609942776178,0.190503619583218,0.177206836888381,22.0514648405681,23.6680824018131
6.4,7,3966,3966,0.117527007053681,0.117527007053681,0.190228100469477,0.190228100469477,23.6680824018083,23.6680824018083
