"path","bytes","sha256"
"verification/.gitattributes","594","a10ce7bbdcc1a03ad493ea0bba201114cd8118abbbb73eb27ac26213e071cc1f"
"verification/sif_audit/build_step62_graded_exterior.m","11191","d9ea1b084eff0880e3b30d16f14051a72c1411bbe33eb76bc87b026cffe2a843"
"verification/sif_audit/build_step62_structured_patch.m","4332","3f36f6dc3c01be51609cd88a6670f337c20e45190a447f2283cae9d2e453abfa"
"verification/sif_audit/main_step62_structured_graded_mesh.m","32737","8b1df9d2d674eeda23daeadc7f366b24f585bc866a3618957556e660faf9da06"
"verification/sif_audit/STEP62.md","12716","c1d7bf1b07880f6b06796fe852e4d11865b91cbb0a4c0a01286700b8b64c6674"
"verification/sif_audit/test_step62_saved_candidate.m","2763","60c260a32a13dc920ff2ced3108d76ab8109583bcdfe3af0ea52e7ada4a3da24"
"verification/sif_audit/test_step62_structured_family.m","1862","c32b631117e48f5b8c3c9619aeea9b2f627d8f1edd6f3cb308f3256089bfa1eb"
"verification/step62_structured_graded_mesh_candidate_T3.mat","564478","254c128ef6520852bf8c92c6373eaf5ca0c18cc4e760ca890f409f9349d3f4a8"
"verification/step62_structured_graded_mesh_candidateReloadTable.csv","234","94a181a9893dbb783921935b56847b138755d5a582a1be3968cce336e06affac"
"verification/step62_structured_graded_mesh_extentTable.csv","151","7901f6d21f0c679a0351fcb6f6f22e9b8e57b99a387c76c7dbccb8bbcb966575"
"verification/step62_structured_graded_mesh_exteriorRefinementTable.csv","346","d69de1948f2cab09c7eaa4ca1a0b18ca40c96b5b2976b2b2eaa884af1f02b0d9"
"verification/step62_structured_graded_mesh_exteriorRingTable.csv","5889","512bddbeca463044be9f94f6a7b0780698d833f967376ab586edd506cddf3b48"
"verification/step62_structured_graded_mesh_familyTable.csv","159","115d2f721c3ade265a856635f78479c7500c61e8f619e6df5febdf590cafb817"
"verification/step62_structured_graded_mesh_L1_candidate_T3.mat","1843605","d737452956810652861187ac590147ef1b38ee7f5ed5713360bada131dfe180c"
"verification/step62_structured_graded_mesh_L1_extentTable.csv","151","7901f6d21f0c679a0351fcb6f6f22e9b8e57b99a387c76c7dbccb8bbcb966575"
"verification/step62_structured_graded_mesh_L1_exteriorRefinementTable.csv","347","69cb9278b9aab5c70d57e89616bbdbdf377f14fda3086e41a08de78fd1681ba0"
"verification/step62_structured_graded_mesh_L1_exteriorRingTable.csv","11677","945ecba04cf3a3b72acb593d71000f332c59780e9e6ee2b87d71e81c812c646e"
"verification/step62_structured_graded_mesh_L1_overview.png","2010519","0b28ffb12950a7cf32c28b704c60be52825464775fdc4f579b4da8671dc03885"
"verification/step62_structured_graded_mesh_L1_qualityTable.csv","530","a36bf16db159bc69597e1e05c1af68f64fc9a83ccd9b2e0f6c898c44bf9c0ce6"
"verification/step62_structured_graded_mesh_L1_radialTable.csv","1736","1aabb2a2a94ca1444b9083826cef67504954a520a4b332e8e5fffb1921b68b03"
"verification/step62_structured_graded_mesh_L1_ringTable.csv","9569","7ae4fe12810d9f314c1515235725015537e50a84962d52e284b2d774ee16cb69"
"verification/step62_structured_graded_mesh_L1_run.log","4414","c0cf477d03ba736f271fdf37a3b1f648ff0e5091f1cdddced02d99964e7cfab3"
"verification/step62_structured_graded_mesh_L1_samplingTable.csv","99","fa64a22ff0232619888c7c35f5bbe68480541ce45beaab7456d1afe047492bf2"
"verification/step62_structured_graded_mesh_L1_small_data.mat","86846","03e7b1dac693a4a33d8ac369b00ecb1ff564ef02e0d106b921e11eb988a1c5e4"
"verification/step62_structured_graded_mesh_L1_summary.csv","493","1178bccf069ac79f2d2789d2bc5022ff2aad8f6cd8da865ec45bee51945053ee"
"verification/step62_structured_graded_mesh_L1_tip.png","514143","5bda53d1b2bfa5073789843f48cedfb3984ba1244df2d227488faddfb731ceac"
"verification/step62_structured_graded_mesh_L1_tipEdgeTable.csv","226","22e0a618be560ad403b9a04d46161e996979891eafa7ca96ee9c71a664bbb9eb"
"verification/step62_structured_graded_mesh_overview.png","1971611","0adeaaf396345c619ed51d91fe95bf8e36431998b19b4842b18abbe0af41fafc"
"verification/step62_structured_graded_mesh_qualityTable.csv","527","4c9253c7e2ccf5bd2362fa93fbf9cc287ecc50d696c7108d657463e693ec8d3a"
"verification/step62_structured_graded_mesh_radialTable.csv","1719","e9a1eeed788be7709303e4f2b0b55970dde57e49766d9d56352ba403ca003482"
"verification/step62_structured_graded_mesh_reload.log","1079","0a97c2a7f22ab0332948a6f53e541574047a5c74aa77cb1e72f51778e27067b2"
"verification/step62_structured_graded_mesh_ringTable.csv","4710","1d63be27c69b8e0665096751922ae4afe1c4127c1474952dd6c6f61b7d87218b"
"verification/step62_structured_graded_mesh_run.log","6628","53d345b7452757fc33183d6d864054f2bc9f241d928e1efcfa85b654792f54e1"
"verification/step62_structured_graded_mesh_samplingTable.csv","98","c70b001aa28ebb6f4d9643989437154905df530c3dc268455938307d65075b30"
"verification/step62_structured_graded_mesh_small_data.mat","35602","421ff3f34ffc4f21ed04accfe0e535ef1a6a38fcbc0f8a19387190a9018d9b9c"
"verification/step62_structured_graded_mesh_summary.csv","490","c44bd851d8b5a5c906247af9b9262323fd991d7c55c2f5ad36fe57d255ae6ccd"
"verification/step62_structured_graded_mesh_syntheticTable.csv","356","883dfce4e693a43c390544affbf0c8c8a79721e0534e8ef9d39cddcf85aa690f"
"verification/step62_structured_graded_mesh_tip.png","355449","eb1978e144ea3a9b59f9756677ccefe49d985cfbcb407bdc557700e1d908420a"
"verification/step62_structured_graded_mesh_tipEdgeTable.csv","225","d401c7b8c372171d8887faff837f3cccec1a8599792cf47e94e96ce463b8afb8"
