radius_m,targetH_m,bandWidth_m,angularIntervals,keptSeeds
0.00619227898784652,0.000222024650785395,0.00019227898784652,180,179
0.00638946460485647,0.000227690338122031,0.000197185617009947,180,179
0.00659218881791147,0.000234085757957122,0.000202724213055003,180,179
0.00680114116523217,0.000241277387946826,0.000208952347320704,180,179
0.00701707774062962,0.000249342079867199,0.000215936575397443,180,179
0.00724083153662786,0.000258368628703576,0.000223753795998246,180,179
0.00747332439567691,0.000268459629513267,0.000232492859049048,180,179
0.00771558086352045,0.000279733673844793,0.000242256467843541,174,173
0.0079687442911402,0.000292327946170453,0.000253163427619743,174,167
0.00823409559212608,0.000306401290108041,0.000265351300985889,174,159
0.00851307513095209,0.00032213782367919,0.000278979538826011,168,149
0.00880730829380674,0.000339751191557291,0.000294233162854647,168,145
0.00911863537529994,0.000359489548612236,0.000311327081493197,162,137
0.00944914649725804,0.000381641370465345,0.000330511121958097,156,131
0.0098012223520943,0.000406542179129767,0.000352075854836262,156,129
0.0101775816196575,0.000434582248879258,0.000376359267563209,150,121
0.0105813359217722,0.000466215310024776,0.000403754302114694,144,115
0.0110160531202266,0.00050196818309805,0.00043471719845443,138,109
0.0114858295834327,0.000542451134982003,0.000469776463206117,138,107
0.0119953716757639,0.000588368528341649,0.000509542092331133,132,101
0.0125500860686463,0.00064052900810807,0.000554714392882438,126,95
0.0131561774149419,0.000699854003874519,0.000606091346295586,120,89
0.0138207503280657,0.000767382700576371,0.000664572913123844,114,85
0.0145519103202906,0.000844270836663391,0.000731159992224839,114,83
0.015358855267441,0.000931779764916996,0.000806944947150411,108,79
0.0162519450577563,0.0010312512616981,0.000893089790315308,102,73
0.0172427325074877,0.00114406280162424,0.000990787449731391,96,69
0.0183439338232204,0.00127155775214045,0.00110120131573267,96,69
0.0195693126774843,0.0014149456227371,0.00122537885426392,90,63
0.0209334495879762,0.00157516962496805,0.00136413691049194,84,59
0.0224513694142763,0.00175274284064524,0.00151791982630007,84,59
0.0241380063951284,0.00194756062984033,0.00168663698085215,78,55
0.0260075003802663,0.00215870571113551,0.0018694939851379,78,55
0.0280723416719949,0.00238427335122668,0.00206484129172856,78,55
0.0303424159101292,0.00262125594493456,0.00227007423813431,78,55
0.0328240422462624,0.00286553526638908,0.00248162633613316,72,51
0.0355191391485061,0.00311202984400502,0.00269509690224367,72,51
0.0384246763704981,0.00335502539451515,0.00290553722199203,72,53
0.0415325585975352,0.00358867328077911,0.00310788222703716,78,57
0.0448300227892813,0.00380758367749549,0.00329746419174607,78,59
0.0483005252681308,0.00400739108077398,0.00347050247884944,78,61
0.0519249802236085,0.00418516008842154,0.00362445495547779,78,61
0.0556831342928913,0.00433954252711297,0.00375815406928275,84,69
0.0595548527666374,0.00447067540608757,0.00387171847374615,84,71
0.0635211486420249,0.00457988398268127,0.00396629587538743,90,79
0.0675648746178566,0.00466929256135102,0.00404372597583169,96,89
0.0716710823608082,0.00474144029148327,0.00410620774295161,96,96
0.0758271088457773,0.00479896601971229,0.00415602648496913,102,102
0.0800224715362755,0.00484438755741452,0.00419536269049822,108,98
0.0842486509531411,0.00487997164794197,0.00422617941686556,114,99
0.0884988228982962,0.004907675833275,0.00425017194515511,114,95
0.0927675830457274,0.00492913964045075,0.00426876014743125,120,88
0.0970506893730273,0.00494570518206873,0.00428310632729986,126,83
0.101344835057698,0.00495845233396775,0.00429414568467032,132,82
0.105647455995438,0.00496823871325107,0.00430262093774073,138,81
0.10995657212438,0.00497573871402782,0.0043091161289418,144,80
0.11427065920637,0.00498147867618863,0.00431408708198983,150,78
0.118588546726244,0.00498586704385976,0.00431788751987417,150,75
0.122909337467268,0.00498921939488449,0.00432079074102399,156,64
0.127232344672849,0.00499177874770108,0.00432300720558041,162,59
0.131557043247276,0.00499373177221963,0.00432469857442768,168,55
0.135883032032683,0.0049952215795321,0.00432598878540703,174,52
0.140210004749294,0.00499635772542235,0.00432697271661039,180,50
0.144537727668212,0.00499722398443078,0.00432772291891795,186,47
0.148866022491158,0.00499788436232028,0.00432829482294635,192,46
0.153194753242717,0.00499838772932435,0.0043287307515593,198,45
0.157523816246227,0.00499877138083081,0.0043290630035101,198,43
0.161853132464586,0.00499906376815284,0.00432931621835872,204,42
0.166182641651936,0.00499928658955051,0.00432950918734961,210,43
0.17051229789034,0.00499945638948289,0.00432965623840461,216,43
0.174842066184779,0.0049995857806452,0.0043297682944382,222,43
0.179171919866274,0.004999684377126,0.0043298536814953,228,43
0.183501838611804,0.00499975950660271,0.00432991874553069,234,43
0.18783180693476,0.00499981675368172,0.00432996832295541,240,43
0.192161813034272,0.00499986037429247,0.00433000609951245,246,43
0.196491847918193,0.00499989361166456,0.00433003488392104,252,43
0.200821904734688,0.00499991893721944,0.00433005681649493,258,42
0.205151978262854,0.00499993823419485,0.00433007352816584,258,41
0.209482064524544,0.00499995293760191,0.00433008626168988,264,26
0.213812160488567,0.00499996414089112,0.00433009596402294,270,18
0.218142263845286,0.00499997267724128,0.00433010335671904,276,13
0.222472372834864,0.00499997918150613,0.00433010898957763,282,8
0.226802486116388,0.00499998413741935,0.00433011328152438,288,6
0.231132602668151,0.00499998791356534,0.00433011655176274,294,4
0.235462721711662,0.00499999079078857,0.00433011904351114,300,2
0.239792842653752,0.00499999298307911,0.00433012094209045,306,0
0.244122965042458,0.00499999465348683,0.00433012238870596,312,0
