scope,segment,phase,kind,seconds,matlabMemoryBytes
step,2,setup,phase,0.0009696,1728122880
qualification,2,setup,phase,0.0438143,1734344704
qualification,2,source_carrier,phase,2.9661509,1883648000
qualification,2,geometry_id_recovery,phase,0.0440554,1884696576
qualification,2,crack_face_collapse,phase,0.0199908,1884696576
qualification,2,carrier_checks,phase,0.0049807,1884696576
qualification,2,structured_core,phase,1.3866293,1887133696
qualification,2,carrier_clearance,phase,0.0182556,1889230848
qualification,2,exterior,phase,6.313838,1885044736
qualification,2,geometry_mapping,phase,2.413243,1894649856
qualification,2,t3_t6_local,phase,0.012561,1902592000
qualification,2,global_boundary_restore,phase,0.000945,1902592000
qualification,2,t3_t6_global,phase,0.0176859,1906581504
qualification,2,structural_qualification,phase,0.9637042,1917067264
williams_replay,2,setup,phase,0.0266253,1923489792
williams_replay,2,TOTAL,total,0.0489444,1923489792
synthetic_edi,2,setup,phase,3.358841,1923444736
synthetic_edi,2,TOTAL,total,3.3797191,1923444736
williams_replay,2,setup,phase,0.0116888,1923444736
williams_replay,2,TOTAL,total,0.0325973,1923444736
synthetic_edi,2,setup,phase,3.3494999,1923444736
synthetic_edi,2,TOTAL,total,3.3703276,1923444736
williams_replay,2,setup,phase,0.0135547,1923444736
williams_replay,2,TOTAL,total,0.0349717,1923444736
synthetic_edi,2,setup,phase,3.4918203,1923444736
synthetic_edi,2,TOTAL,total,3.5132449,1923444736
qualification,2,synthetic_qualification,phase,10.5598202,1923444736
qualification,2,result_packaging,phase,0.0048813,1923444736
qualification,2,candidate_save,phase,0.0323913,1923444736
qualification,2,compact_save,phase,0.0121822,1923444736
qualification,2,finish,phase,0.0003937,1923444736
qualification,2,TOTAL,total,25.1908217,1923444736
step,2,qualification_or_candidate_reuse,phase,25.2616742,1914015744
physical,2,setup,phase,0.0208354,1914015744
physical,2,t3_t6,phase,0.0114671,1916272640
physical,2,preflight,phase,0.0200517,1919483904
physical,2,checkpoint_validation,phase,0.0008262,1919483904
physical,2,stiffness_assembly,phase,3.5959796,2038280192
physical,2,stiffness_checks,phase,0.0910342,2038280192
physical,2,loads,phase,0.0093489,2039885824
physical,2,free_dof_extraction,phase,0.1479687,2116415488
physical,2,symamd_and_permutation,phase,0.5402105,2121965568
physical,2,sgs_construction,phase,0.0577711,2241576960
physical,2,pcg,phase,44.7043715,2243182592
physical,2,residual_gates,phase,0.0353027,2246393856
physical,2,checkpoint_save,phase,0.1721073,1928908800
physical,2,checkpoint_reload,phase,0.034004,1935593472
physical,2,native_cod,phase,0.0117495,1935593472
physical,2,cod_fits,phase,0.0100064,1935593472
physical,2,physical_edi,phase,3.264386,1935593472
physical,2,postprocessing_gates,phase,0.0583872,1935593472
physical,2,compact_save,phase,0.0070065,1935593472
physical,2,TOTAL,total,53.2285107,1935593472
step,2,physical,phase,53.2527697,1916788736
step,2,recurrence_and_checkpoint,phase,0.0080915,1916788736
step,2,TOTAL,total,78.6063315,1916788736
step,3,setup,phase,0.0006792,1916788736
qualification,3,setup,phase,0.0057688,1916788736
qualification,3,source_carrier,phase,2.6483024,1933135872
qualification,3,geometry_id_recovery,phase,0.0224797,1933139968
qualification,3,crack_face_collapse,phase,0.0089155,1933139968
qualification,3,carrier_checks,phase,0.0036434,1933139968
qualification,3,structured_core,phase,1.3661284,1933139968
qualification,3,carrier_clearance,phase,0.003125,1933139968
qualification,3,exterior,phase,5.0513704,1925967872
qualification,3,geometry_mapping,phase,2.4751945,1930858496
qualification,3,t3_t6_local,phase,0.0143828,1939492864
qualification,3,global_boundary_restore,phase,0.0006436,1939808256
qualification,3,t3_t6_global,phase,0.0144579,1944186880
qualification,3,structural_qualification,phase,0.8760818,1957654528
williams_replay,3,setup,phase,0.0099896,1964191744
williams_replay,3,TOTAL,total,0.0313019,1964191744
synthetic_edi,3,setup,phase,3.2388274,1964191744
synthetic_edi,3,TOTAL,total,3.259959,1964191744
williams_replay,3,setup,phase,0.0152301,1964191744
williams_replay,3,TOTAL,total,0.0372353,1964191744
synthetic_edi,3,setup,phase,3.2475197,1964191744
synthetic_edi,3,TOTAL,total,3.2687651,1964191744
williams_replay,3,setup,phase,0.0084138,1964191744
williams_replay,3,TOTAL,total,0.0298201,1964191744
synthetic_edi,3,setup,phase,3.3390897,1964191744
synthetic_edi,3,TOTAL,total,3.3606308,1964191744
qualification,3,synthetic_qualification,phase,10.1344157,1964191744
qualification,3,result_packaging,phase,0.0028655,1964191744
qualification,3,candidate_save,phase,0.0328942,1964191744
qualification,3,compact_save,phase,0.0122818,1964191744
qualification,3,finish,phase,0.0003951,1964191744
qualification,3,TOTAL,total,23.0574252,1964191744
step,3,qualification_or_candidate_reuse,phase,23.0856073,1920450560
physical,3,setup,phase,0.0045484,1920462848
physical,3,t3_t6,phase,0.0149491,1930375168
physical,3,preflight,phase,0.0159723,1934422016
physical,3,checkpoint_validation,phase,0.0009275,1934422016
physical,3,stiffness_assembly,phase,3.6429793,2052456448
physical,3,stiffness_checks,phase,0.0927863,2052456448
physical,3,loads,phase,0.0027297,2054090752
physical,3,free_dof_extraction,phase,0.1347183,2131988480
physical,3,symamd_and_permutation,phase,0.5065158,2136891392
physical,3,sgs_construction,phase,0.0493727,2258644992
physical,3,pcg,phase,46.371659,2260201472
physical,3,residual_gates,phase,0.0328985,2263470080
physical,3,checkpoint_save,phase,0.1742539,1940168704
physical,3,checkpoint_reload,phase,0.0300558,1950162944
physical,3,native_cod,phase,0.0124009,1950162944
physical,3,cod_fits,phase,0.0037331,1950162944
physical,3,physical_edi,phase,3.2666316,1957752832
physical,3,postprocessing_gates,phase,0.0347165,1957752832
physical,3,compact_save,phase,0.0075229,1957756928
physical,3,TOTAL,total,54.8255003,1957756928
step,3,physical,phase,54.8488587,1938608128
step,3,recurrence_and_checkpoint,phase,0.0014183,1938608128
step,3,TOTAL,total,78.020901,1938608128
run,0,setup,phase,156.7074327,1938608128
run,0,TOTAL,total,156.7282521,1938608128
