segment,crack_length_mm,x_h0_mm,y_h0_mm,x_2h0_mm,y_2h0_mm,dx_um,dy_um,tip_separation_um,dtheta_mdeg,q_h0,q_2h0,dq
1,4.00000000000001,203.987388488993,-20.9259717588906,203.987388488993,-20.9259717588906,0,0,0,0,1.14556617710038e-05,1.14255100472637e-05,-3.01517237400523e-08
2,8.00000000000001,207.985902284856,-21.0350012241496,207.985902291431,-21.0350009830254,6.57485177413264e-06,0.000241124165772932,0.000241213788983019,0.0034551330417049,9.37560300826539e-05,9.37208042907016e-05,-3.52257919523507e-08
3,12,211.984395566084,-21.1447804570315,211.984395587013,-21.1447796930842,2.09290085262381e-05,0.00076394726308826,0.000764233893633314,0.00749171117563063,0.000231547262228987,0.000231542849320542,-4.41290844496603e-09
4,16,215.982837580408,-21.2564113581887,215.982837616918,-21.2564100361355,3.65105168320667e-05,0.00132205316139,0.00132255721213891,0.00799739306663744,0.00037648913686226,0.000376514424445097,2.52875828370071e-08
5,20,219.981194405613,-21.3710529663852,219.981194452328,-21.3710512884554,4.67142713400648e-05,0.00167792980898529,0.00167857995550651,0.00509965240381993,0.000516212707218008,0.00051625183093222,3.91237142114732e-08
6,24,223.979430741078,-21.4898225153857,223.97943078907,-21.4898207944411,4.79920547746815e-05,0.00172094460210159,0.00172161365027816,0.000616413332710231,0.000655027618380871,0.000655061956213733,3.43378328623726e-08
7,28,227.977508051105,-21.6138298661746,227.977508091915,-21.6138283767867,4.08099110060789e-05,0.00148938789079622,0.00148994689102892,-0.00331840065997957,0.000805006497445563,0.000805022018726804,1.55212812413905e-08
8,32.0000000000001,231.975380526298,-21.7442740001513,231.975380555504,-21.7442728664119,2.92056656636674e-05,0.00113373940097139,0.00113411551449657,-0.00509700039413863,0.000978916863204822,0.0009789038615001,-1.30017047219634e-08
9,36.0000000000001,235.97298995219,-21.8825450311897,235.97298997269,-21.8825441491246,2.05006567277621e-05,0.000882065091106776,0.000882303293587571,-0.003607124724192,0.00118667133637673,0.00118662464481934,-4.66915573906369e-08
10,40.0000000000001,239.97025995623,-22.0303033297658,239.970259981227,-22.0303023260798,2.49963660881036e-05,0.0010036859919571,0.00100399720555813,0.001743280892752,0.0014338865548822,0.00143380277631685,-8.37785653522768e-08
11,44.0000000000001,243.967089788759,-22.1895242134813,243.967089845278,-22.1895224185001,5.65189561818613e-05,0.00179498120533861,0.00179587079711396,0.011343459121016,0.00172065605372869,0.00172053490245693,-1.21151271763624e-07
12,48.0000000000001,247.963348031263,-22.3624983711441,247.963348163938,-22.3624948166973,0.000132675315178687,0.00355444673694194,0.00355692203246219,0.0252260845389207,0.00204030932896876,0.00204015194059987,-1.57388368898e-07
13,52.0000000000001,251.958867169954,-22.5517780909982,251.958867445543,-22.5517715197515,0.000275589051579317,0.00657124672731602,0.00657702310141996,0.043260937579781,0.0023780594564218,0.00237786889131534,-1.90565106468737e-07
14,56.0000000000001,255.953440897687,-22.7600585118493,255.953441409913,-22.7600474021238,0.000512226538962324,0.0111097254451575,0.0111215275701676,0.0650972258837701,0.00270943257241295,0.00270921453983235,-2.18032580598989e-07
15,60.0000000000001,259.946827360384,-22.9899814544755,259.946828234091,-22.9899640663329,0.0008737072731968,0.0173881426271394,0.017410079506452,0.0900806354842132,0.0029984750701869,0.00299823598899925,-2.39081187643382e-07
16,64.0000000000001,263.938763219176,-23.2438477564754,263.938764613386,-23.2438221835226,0.00139421008071849,0.0255729528282622,0.0256109300515561,0.117475597466221,0.00319608013623408,0.00319583126577818,-2.48870455897467e-07
17,68.0000000000001,267.928994823093,-23.523225184169,267.928996929155,-23.5231894439404,0.00210606238004729,0.0357402286307873,0.0358022267649597,0.145992012116736,0.00323893080298227,0.00323868284651465,-2.47956467620478e-07
18,72.0000000000001,271.917332999614,-23.8284441051103,271.91733603472,-23.8283962247066,0.003035105222704,0.0478804036835312,0.0479765038389709,0.174403644107812,0.00304864926139865,0.0030484192632958,-2.29998102843892e-07
19,76.0000000000001,275.90373608327,-24.1579747631933,275.903740272988,-24.1579129148932,0.00418971796145584,0.0618483000890124,0.0619900472696794,0.20075777082651,0.00253246334455579,0.00253226812280152,-1.95221754266135e-07
20,80.0000000000001,279.888419019492,-24.5076916455178,279.888424571086,-24.5076142796241,0.0055515937402717,0.0773658936741028,0.0775648225489468,0.223127531832734,0.0015841246952215,0.00158398675342253,-1.37941798967903e-07
21,84.0000000000001,283.871973975273,-24.8700311469131,283.871981037857,-24.8699371688399,0.00706258324045805,0.0939780732261974,0.0942430810687815,0.238934220034626,8.13426737346537e-05,8.12863148680876e-05,-5.6358866566076e-08
22,88.0000000000002,287.855469931013,-25.2330187095227,287.855478548201,-25.2329076705052,0.00861718851830062,0.111039017529346,0.111372884275493,0.245392470126227,-0.00214159160711531,-0.00214152820610745,6.34010078599638e-08
23,92.0000000000002,291.840484068505,-25.5789411343296,291.84049412335,-25.5788135331575,0.0100548452897087,0.127601172118103,0.127996714956727,0.238127483078276,-0.00544883316936254,-0.00544856836651648,2.64802846068959e-07
