segment,tip_x_m,tip_y_m,theta_deg,KI_unit,KII_unit,KII_over_KI,delta_theta_next_deg,theta_next_deg,PCG_iterations,PCG_relres,true_rel_residual,EDI_elements,newSolve,crack_length_mm
1,0.203987388488993,-0.0209259717588906,0,0.366479612185,4.19826648316e-06,1.14556617710038e-05,-0.00131272214162328,-0.00131272214162328,NaN,NaN,NaN,NaN,0,4
2,0.207985902284856,-0.0210350012241496,-0.00131272214162328,0.43786411992502,4.1052401599805e-05,9.37560300826539e-05,-0.0107436494349182,-0.012056371576517,2442,9.9895461467444e-11,9.98956160824284e-11,11316,1,7.99999999999999
3,0.211984395566084,-0.0211447804570315,-0.012056371576517,0.474334420575756,0.000109830836465289,0.000231547262228987,-0.0265333584477464,-0.0385897300242786,2457,9.97522719445513e-11,9.97536911482867e-11,11316,1,12
4,0.215982837580408,-0.0212564113581887,-0.0385897300242786,0.499809523097675,0.000188172855946581,0.00037648913686226,-0.0431424628806929,-0.0817321929049734,2482,9.91700243856566e-11,9.91690266193772e-11,11316,1,16
5,0.219981194405613,-0.0213710529663852,-0.0817321929049734,0.521402328367184,0.000269154507476197,0.000516212707218008,-0.0591535821289529,-0.140885775033909,2509,9.96195107146772e-11,9.96187038303973e-11,11316,1,20
6,0.223979430741078,-0.0214898225153857,-0.140885775033909,0.541726107084006,0.000354845561737977,0.000655027618380871,-0.0750605608491886,-0.21594633588308,2513,9.85220383906992e-11,9.85257673627469e-11,11316,1,24
7,0.227977508051105,-0.0216138298661746,-0.21594633588308,0.561827431822656,0.000452274733060392,0.000805006497445563,-0.0922468100838539,-0.308193145966958,2582,9.89980784644974e-11,9.9002202938165e-11,11316,1,28
8,0.231975380526298,-0.0217442740001513,-0.308193145966958,0.582127145963083,0.000569854079712557,0.000978916863204822,-0.112175358689991,-0.420368504656977,2584,9.85327069409878e-11,9.85391430138283e-11,11316,1,32
9,0.23597298995219,-0.0218825450311897,-0.420368504656977,0.602776069553069,0.000715297083992456,0.00118667133637673,-0.135982071681998,-0.556350576338988,2631,9.89758068014289e-11,9.89795298653887e-11,11316,1,36
10,0.23997025995623,-0.0220303033297658,-0.556350576338988,0.623806538196357,0.000894467807967366,0.0014338865548822,-0.164310507529884,-0.720661083868855,2635,9.88202261116905e-11,9.88242969551003e-11,11316,1,40
11,0.243967089788759,-0.0221895242134813,-0.720661083868855,0.645206918779608,0.00111017919070577,0.00172065605372869,-0.197171297653988,-0.917832381522866,2655,9.78433953262887e-11,9.78477976263061e-11,11316,1,44
12,0.247963348031263,-0.0223624983711441,-0.917832381522866,0.666967411606716,0.00136081983201933,0.00204030932896876,-0.233799955941785,-1.15163233746463,2689,9.84927222623607e-11,9.84926037957305e-11,11316,1,47.9999999999999
13,0.251958867169954,-0.0225517780909982,-1.15163233746463,0.689119494630839,0.00163876713081148,0.0023780594564218,-0.272501944840525,-1.42413428230515,2703,9.95675358102465e-11,9.95731114670583e-11,11316,1,51.9999999999999
14,0.255953440897687,-0.0227600585118493,-1.42413428230515,0.711781210373177,0.0019285231958166,0.00270943257241295,-0.310472784522298,-1.73460706682743,2702,9.73804862831415e-11,9.7384227583869e-11,11316,1,55.9999999999999
15,0.259946827360384,-0.0229899814544755,-1.73460706682743,0.735217732936342,0.00220453204336895,0.0029984750701869,-0.343592725012161,-2.07819979183957,2726,9.99340036967328e-11,9.99347861114524e-11,11316,1,59.9999999999999
16,0.263938763219176,-0.0232438477564754,-2.07819979183957,0.759930294079175,0.00242879811782897,0.00319608013623408,-0.366235076613618,-2.44443486845318,2764,9.97062265733191e-11,9.97085117743845e-11,11316,1,63.9999999999999
17,0.267928994823093,-0.023523225184169,-2.44443486845318,0.786793202682934,0.00254836873974682,0.00323893080298227,-0.371145045509677,-2.81557991396288,2813,9.60010118600641e-11,9.60083308869389e-11,11316,1,67.9999999999999
18,0.271917332999614,-0.0238284441051103,-2.81557991396288,0.817281074790956,0.00249160334501654,0.00304864926139865,-0.349341895888962,-3.16492180985189,2812,9.63012302057306e-11,9.63073873887409e-11,11316,1,71.9999999999999
19,0.27590373608327,-0.0241579747631933,-3.16492180985189,0.853877864167433,0.00216241439173161,0.00253246334455579,-0.290194580260122,-3.45511639011201,2861,9.91020760114655e-11,9.90966396829476e-11,11316,1,75.9999999999999
20,0.279888419019492,-0.0245076916455178,-3.45511639011201,0.900893281893098,0.001427127295606,0.0015841246952215,-0.181526255616459,-3.63664264572849,2879,9.62080697553946e-11,9.62094572283231e-11,11316,1,79.9999999999999
21,0.283871973975273,-0.0248700311469131,-3.63664264572849,0.966309916090364,7.8602232231099e-05,8.13426737346537e-05,-0.00932118365470268,-3.64596382938318,2912,9.63943770263572e-11,9.63970493026035e-11,11316,1,83.9999999999999
22,0.287855469931013,-0.0252330187095227,-3.64596382938318,1.06672380365142,-0.00228448674501001,-0.00214159160711531,0.245405694839291,-3.40055813454389,2960,9.99583062988885e-11,9.99628331862395e-11,11316,1,87.9999999999999
23,0.291840484068505,-0.0255789411343296,-3.40055813454389,1.24436044365659,-0.0067803124600387,-0.00544883316936254,0.624347038002271,-2.7762110965416,3011,9.91973852785128e-11,9.9218443146062e-11,11316,1,91.9999999999999
