lower_r_over_DeltaA,upper_r_over_DeltaA,degree,n_native,KI_COD,KII_COD,ratio_COD,RMSE_KII,median_pointwise_ratio,delta_theta_next_MTS_deg,segment,crack_length_mm,EDI_ratio,EDI_turn_deg,ratio_error,turn_error_deg
0.04,0.2,1,38,0.435052661806175,4.0549975194939e-05,9.32070499846864e-05,2.9171768560849e-08,8.98432181658375e-05,-0.010680740953466,2,7.99999999999999,9.37560300826539e-05,-0.0107436494349182,-5.48980097967556e-07,6.29084814522188e-05
0.04,0.2,2,38,0.433614273959885,4.03985977966447e-05,9.31671308412282e-05,1.52705347820724e-08,8.98432181658375e-05,-0.0106761665568602,2,7.99999999999999,9.37560300826539e-05,-0.0107436494349182,-5.88899241425723e-07,6.74828780580141e-05
0.04,0.3,1,55,0.435569217747729,4.05728199865127e-05,9.31489607927516e-05,2.67222775893411e-08,8.86890865615253e-05,-0.0106740844228042,2,7.99999999999999,9.37560300826539e-05,-0.0107436494349182,-6.07069289902337e-07,6.95650121140465e-05
0.04,0.3,2,55,0.434372937951435,4.05144177591484e-05,9.32710448082243e-05,2.28972011370211e-08,8.86890865615253e-05,-0.0106880742196185,2,7.99999999999999,9.37560300826539e-05,-0.0107436494349182,-4.84985274429647e-07,5.55752152996691e-05
0.08,0.3,1,44,0.436223952673696,4.06195129115545e-05,9.31161910357974e-05,7.71649449215284e-09,8.7887990083558e-05,-0.0106703292854939,2,7.99999999999999,9.37560300826539e-05,-0.0107436494349182,-6.39839046856521e-07,7.33201494243357e-05
0.08,0.3,2,44,0.43538322123228,4.06683886408752e-05,9.34082588800048e-05,5.06121675966488e-09,8.7887990083558e-05,-0.0107037977930653,2,7.99999999999999,9.37560300826539e-05,-0.0107436494349182,-3.47771202649079e-07,3.98516418529237e-05
0.12,0.3,1,34,0.436537320603285,4.0609487950125e-05,9.30263829310253e-05,7.82616840179813e-09,8.71258387977873e-05,-0.0106600380353789,2,7.99999999999999,9.37560300826539e-05,-0.0107436494349182,-7.29647151628671e-07,8.36113995393434e-05
0.12,0.3,2,34,0.435853401460995,4.07380820141977e-05,9.34673949489492e-05,1.33572990371087e-09,8.71258387977873e-05,-0.0107105742869862,2,7.99999999999999,9.37560300826539e-05,-0.0107436494349182,-2.88635133704766e-07,3.30751479320577e-05
0.04,0.2,1,38,0.471282226298445,0.000108507232832977,0.000230238330193814,8.05214617858011e-08,0.000216549995076651,-0.026383365941151,3,12,0.000231547262228987,-0.0265333584477464,-1.3089320351731e-06,0.000149992506595371
0.04,0.2,2,38,0.469730265116941,0.000108085534108791,0.000230101277553155,4.11014150230186e-08,0.000216549995076651,-0.0263676608712135,3,12,0.000231547262228987,-0.0265333584477464,-1.44598467583163e-06,0.000165697576532897
0.04,0.3,1,55,0.471837145159958,0.000108577201049306,0.000230115840100926,7.48270179121675e-08,0.000211882827924132,-0.0263693296156474,3,12,0.000231547262228987,-0.0265333584477464,-1.43142212806116e-06,0.000164028832099004
0.04,0.3,2,55,0.470551546598725,0.00010840163576697,0.00023037143656317,6.23209305257692e-08,0.000211882827924132,-0.0263986188018688,3,12,0.000231547262228987,-0.0265333584477464,-1.17582566581663e-06,0.000134739645877614
0.08,0.3,1,44,0.472541876939744,0.000108711711074704,0.00023005730577518,1.93770713366254e-08,0.000208621017799358,-0.0263626220784893,3,12,0.000231547262228987,-0.0265333584477464,-1.48995645380654e-06,0.000170736369257053
0.08,0.3,2,44,0.471645218477616,0.000108821816015499,0.000230728123072583,1.42579082117147e-08,0.000208621017799358,-0.0264394920498581,3,12,0.000231547262228987,-0.0265333584477464,-8.19139156404465e-07,9.38663978882828e-05
0.12,0.3,1,34,0.472876661187215,0.00010869263470903,0.000229854090147193,1.99664095312598e-08,0.000205495401727019,-0.0263393352914795,3,12,0.000231547262228987,-0.0265333584477464,-1.69317208179433e-06,0.000194023156266879
0.12,0.3,2,34,0.472153541390017,0.000109018901794462,0.000230897138827999,3.98300540168457e-09,0.000205495401727019,-0.0264588598215486,3,12,0.000231547262228987,-0.0265333584477464,-6.50123400987578e-07,7.44986261977318e-05
0.04,0.2,1,38,0.49659191110931,0.000185980909085739,0.000374514576103922,1.48623245377293e-07,0.000346266604542174,-0.0429161951083324,4,16,0.00037648913686226,-0.0431424628806929,-1.97456075833827e-06,0.000226267772360469
0.04,0.2,2,38,0.494958058345547,0.000185184048970111,0.000374140891026422,7.04934900969575e-08,0.000346266604542174,-0.042873373994718,4,16,0.00037648913686226,-0.0431424628806929,-2.34824583583742e-06,0.000269088885974871
0.04,0.3,1,55,0.497175481722039,0.000186160105612458,0.000374435410546928,1.47925586368386e-07,0.000336640273728965,-0.0429071234126403,4,16,0.00037648913686226,-0.0431424628806929,-2.053726315332e-06,0.000235339468052591
0.04,0.3,2,55,0.495823392032737,0.000185727612009239,0.000374584206783404,1.07113798499535e-07,0.000336640273728965,-0.0429241741886148,4,16,0.00037648913686226,-0.0431424628806929,-1.90493007885589e-06,0.000218288692078086
0.08,0.3,1,44,0.497916957818453,0.000186447311612275,0.000374454632815008,2.46668888310576e-08,0.000329880727023679,-0.0429093261201457,4,16,0.00037648913686226,-0.0431424628806929,-2.03450404725211e-06,0.000233136760547176
0.08,0.3,2,44,0.496975726737407,0.000186450135041078,0.000375169500259305,2.46645937076863e-08,0.000329880727023679,-0.0429912438145278,4,16,0.00037648913686226,-0.0431424628806929,-1.31963660295471e-06,0.000151219066165033
0.12,0.3,1,34,0.49826854673987,0.000186475401540054,0.00037424678471107,2.01827205187629e-08,0.000323374375097171,-0.0428855085052392,4,16,0.00037648913686226,-0.0431424628806929,-2.24235215118967e-06,0.000256954375453665
0.12,0.3,2,34,0.49751124885265,0.000186791302721912,0.000375451415727154,6.96320670406308e-09,0.000323374375097171,-0.0430235489156492,4,16,0.00037648913686226,-0.0431424628806929,-1.03772113510612e-06,0.000118913965043682
0.04,0.2,1,38,0.518046110889351,0.000266114639313428,0.000513689097784324,2.2645960814216e-07,0.000468673661789275,-0.0588643983263639,5,20,0.000516212707218008,-0.0591535821289529,-2.52360943368488e-06,0.000289183802589001
0.04,0.2,2,38,0.516341257319521,0.000264879681427609,0.000512993447013467,1.00826287795782e-07,0.000468673661789275,-0.0587846827670398,5,20,0.000516212707218008,-0.0591535821289529,-3.21926020454145e-06,0.000368899361913096
0.04,0.3,1,55,0.518655247648569,0.000266448729042903,0.000513729939590707,2.41524734660809e-07,0.00045333268106865,-0.0588690784439853,5,20,0.000516212707218008,-0.0591535821289529,-2.48276762730183e-06,0.000284503684967616
0.04,0.3,2,55,0.517243955455297,0.000265657304087618,0.000513601563219384,1.53232403153271e-07,0.00045333268106865,-0.0588543676226237,5,20,0.000516212707218008,-0.0591535821289529,-2.61114399862489e-06,0.000299214506329248
0.08,0.3,1,44,0.519429090429252,0.000266933473642602,0.00051389781312019,4.56296458629587e-08,0.000442529547242036,-0.0588883152978977,5,20,0.000516212707218008,-0.0591535821289529,-2.3148940978189e-06,0.000265266831055253
0.08,0.3,2,44,0.518446047120312,0.000266690941631715,0.000514404426676681,3.53075877406979e-08,0.000442529547242036,-0.0589463688277341,5,20,0.000516212707218008,-0.0591535821289529,-1.80828054132786e-06,0.000207213301218874
0.12,0.3,1,34,0.5197962390951,0.000267053888373248,0.000513766488265008,1.24990939748224e-08,0.00043210341385699,-0.058873266605816,5,20,0.000516212707218008,-0.0591535821289529,-2.44621895300007e-06,0.000280315523136912
0.12,0.3,2,34,0.519004670538887,0.000267179369042083,0.00051479183947356,9.98033875001926e-09,0.00043210341385699,-0.0589907629818227,5,20,0.000516212707218008,-0.0591535821289529,-1.42086774444804e-06,0.000162819147130233
0.04,0.2,1,38,0.538240036388577,0.000350938587491685,0.000652011303072833,3.13518168507262e-07,0.000589590335373952,-0.0747149176088676,6,24,0.000655027618380871,-0.0750605608491886,-3.01631530803727e-06,0.000345643240320978
0.04,0.2,2,38,0.536467748400562,0.000349209205003436,0.000650941656874205,1.32895354065814e-07,0.000589590335373952,-0.0745923455475161,6,24,0.000655027618380871,-0.0750605608491886,-4.08596150666533e-06,0.000468215301672528
0.04,0.3,1,55,0.538873732346651,0.000351462388656767,0.000652216590937254,3.5322194603691e-07,0.000568312512841167,-0.0747384417952747,6,24,0.000655027618380871,-0.0750605608491886,-2.8110274436162e-06,0.000322119053913855
0.04,0.3,2,55,0.537405615833026,0.000350233760992011,0.000651712134509644,2.01907778127538e-07,0.000568312512841167,-0.0746806355187711,6,24,0.000655027618380871,-0.0750605608491886,-3.31548387122634e-06,0.000379925330417516
0.08,0.3,1,44,0.539678510758925,0.000352180552556806,0.000652574719088872,8.37847050687784e-08,0.000553301418864605,-0.0747794801362326,6,24,0.000655027618380871,-0.0750605608491886,-2.45289929199808e-06,0.000281080712955947
0.08,0.3,2,44,0.538654541297607,0.000351595638247765,0.000652729367881646,4.64835335414073e-08,0.000553301418864605,-0.0747972015296585,6,24,0.000655027618380871,-0.0750605608491886,-2.29825049922442e-06,0.000263359319530074
0.12,0.3,1,34,0.540060815950069,0.000352425453429308,0.000652566235173579,1.72568944952459e-08,0.000538790223342657,-0.0747785079540505,6,24,0.000655027618380871,-0.0750605608491886,-2.46138320729179e-06,0.00028205289513808
0.12,0.3,2,34,0.539234910461878,0.000352238615087655,0.000653219233869608,1.31251586186326e-08,0.000538790223342657,-0.0748533358693929,6,24,0.000655027618380871,-0.0750605608491886,-1.8083845112623e-06,0.000207224979795709
0.04,0.2,1,38,0.558213063729434,0.000447391624809288,0.000801471075972774,4.14108862626623e-07,0.000722048964587754,-0.0918416824551724,7,28,0.000805006497445563,-0.0922468100838539,-3.53542147278889e-06,0.000405127628681543
0.04,0.2,2,38,0.556373945463637,0.000445090085700015,0.000799983696808652,1.6933457864752e-07,0.000722048964587754,-0.0916712421228545,7,28,0.000805006497445563,-0.0922468100838539,-5.02280063691108e-06,0.000575567960999404
0.04,0.3,1,55,0.558871158819463,0.000448139715383034,0.000801865883238037,4.85328235032166e-07,0.000694963997941102,-0.091886923831686,7,28,0.000805006497445563,-0.0922468100838539,-3.14061420752609e-06,0.000359886252167874
0.04,0.3,2,55,0.557346598375518,0.000446394877616228,0.000800928684085132,2.57160878016018e-07,0.000694963997941102,-0.0917795292024468,7,28,0.000805006497445563,-0.0922468100838539,-4.07781336043056e-06,0.000467280881407142
0.08,0.3,1,44,0.559706637823804,0.000449131338250063,0.000802440614240937,1.33260733625867e-07,0.000675832373827293,-0.0919527828566903,7,28,0.000805006497445563,-0.0922468100838539,-2.56588320462548e-06,0.000294027227163637
0.08,0.3,2,44,0.558641846526157,0.000448129263517998,0.000802176325143977,5.91315841759353e-08,0.000675832373827293,-0.0919224976934977,7,28,0.000805006497445563,-0.0922468100838539,-2.83017230158522e-06,0.000324312390356199
0.12,0.3,1,34,0.56010404560509,0.000449526761199026,0.000802577243864387,3.8550256725011e-08,0.000657318038049618,-0.0919684393876687,7,28,0.000805006497445563,-0.0922468100838539,-2.42925358117567e-06,0.000278370696185221
0.12,0.3,2,34,0.559243725456825,0.000448947094587436,0.000802775380663785,1.6668047271076e-08,0.000657318038049618,-0.0919911440900135,7,28,0.000805006497445563,-0.0922468100838539,-2.23111678177728e-06,0.00025566599384047
0.04,0.2,1,38,0.57838317456641,0.000563784875853364,0.00097476016012397,5.34424706098318e-07,0.000879455868023689,-0.111699038785128,8,32,0.000978916863204822,-0.112175358689991,-4.1567030808526e-06,0.000476319904863701
0.04,0.2,2,38,0.576476607967724,0.000560800566164363,0.000972807150217901,2.13299792549776e-07,0.000879455868023689,-0.111475241820713,8,32,0.000978916863204822,-0.112175358689991,-6.10971298692137e-06,0.000700116869278067
0.04,0.3,1,55,0.579065873741578,0.000564797511780017,0.000975359691170597,6.42845097940738e-07,0.000846932981050725,-0.111767739525229,8,32,0.000978916863204822,-0.112175358689991,-3.55717203422525e-06,0.00040761916476266
0.04,0.3,2,55,0.577484392088933,0.000562443318328369,0.000973954146697964,3.23801467581394e-07,0.000846932981050725,-0.111606677063845,8,32,0.000978916863204822,-0.112175358689991,-4.96271650685782e-06,0.000568681626146483
0.08,0.3,1,44,0.579932322714879,0.000566113276081602,0.000976171277074909,1.92113930886925e-07,0.000823939277205639,-0.111860739799457,8,32,0.000978916863204822,-0.112175358689991,-2.74558612991345e-06,0.000314618890534607
0.08,0.3,2,44,0.578826423276429,0.000564626942816852,0.000975468499901575,7.43703109448827e-08,0.000823939277205639,-0.111780208004307,8,32,0.000978916863204822,-0.112175358689991,-3.44836330324759e-06,0.0003951506856847
0.12,0.3,1,34,0.580344944605203,0.000566684079182276,0.000976460783280846,6.51394316638065e-08,0.000801671484912912,-0.111893914545589,8,32,0.000978916863204822,-0.112175358689991,-2.45607992397604e-06,0.000281444144401996
0.12,0.3,2,34,0.579450028245704,0.000565655419887496,0.000976193618628389,2.09306479405433e-08,0.000801671484912912,-0.111863299935824,8,32,0.000978916863204822,-0.112175358689991,-2.72324457643337e-06,0.00031205875416776
0.04,0.2,1,38,0.598900181928337,0.000707742268600544,0.00118173660646046,6.80531937573024e-07,0.00107225268302495,-0.135416598838417,9,36,0.00118667133637673,-0.135982071681998,-4.93472991627765e-06,0.000565472843580939
0.04,0.2,2,38,0.596925091680643,0.000703931757778983,0.00117926313969658,2.67689284393917e-07,0.00107225268302495,-0.135133163190676,9,36,0.00118667133637673,-0.135982071681998,-7.408196680155e-06,0.000848908491321521
0.04,0.3,1,55,0.599607836807853,0.000709067069877718,0.00118255137166418,8.31274175902068e-07,0.00103485617211946,-0.135509963140039,9,36,0.00118667133637673,-0.135982071681998,-4.11996471255563e-06,0.000472108541958866
0.04,0.3,2,55,0.597968614080383,0.000705992610644714,0.00118065161618969,4.06244562944513e-07,0.00103485617211946,-0.13529226932603,9,36,0.00118667133637673,-0.135982071681998,-6.01972018704402e-06,0.000689802355967967
0.08,0.3,1,44,0.600505720940889,0.000710769475754589,0.00118361815877613,2.60097198517643e-07,0.00100839746822649,-0.135632206740626,9,36,0.00118667133637673,-0.135982071681998,-3.0531776006018e-06,0.000349864941372346
0.08,0.3,2,44,0.599358236669429,0.000708732008691348,0.00118248480679885,9.32229589221002e-08,0.00100839746822649,-0.135502335443008,9,36,0.00118667133637673,-0.135982071681998,-4.18652957788631e-06,0.00047973623899028
0.12,0.3,1,34,0.600933744135151,0.000711541649633201,0.00118406006748254,9.48753248449612e-08,0.000982761398977184,-0.13568284525146,9,36,0.00118667133637673,-0.135982071681998,-2.61126889419686e-06,0.000299226430538202
0.12,0.3,2,34,0.600003945908186,0.000710021074297001,0.00118336067477405,2.62083361269866e-08,0.000982761398977184,-0.135602701536687,9,36,0.00118667133637673,-0.135982071681998,-3.31066160268807e-06,0.000379370145311142
0.04,0.2,1,38,0.619796222071201,0.000885061104760123,0.00142798725329831,8.57238486183742e-07,0.0013066354949797,-0.163634507053386,10,40,0.0014338865548822,-0.164310507529884,-5.89930158389281e-06,0.000676000476498351
0.04,0.2,2,38,0.617751418469257,0.000880254690204358,0.00142493349895588,3.34703942934592e-07,0.0013066354949797,-0.163284577566632,10,40,0.0014338865548822,-0.164310507529884,-8.95305592631926e-06,0.00102592996325174
0.04,0.3,1,55,0.620529229197738,0.000886752297662434,0.00142902583140022,1.05527227105373e-06,0.00126513382671322,-0.163753517637258,10,40,0.0014338865548822,-0.164310507529884,-4.86072348198307e-06,0.000556989892625925
0.04,0.3,2,55,0.618831342116865,0.000882830923769801,0.00142660990755552,5.07860495759156e-07,0.00126513382671322,-0.163476677108098,10,40,0.0014338865548822,-0.164310507529884,-7.27664732667823e-06,0.000833830421785864
0.08,0.3,1,44,0.621459068448266,0.000888913804902971,0.00143036581173804,3.37552093910218e-07,0.00123575154085909,-0.163907065876234,10,40,0.0014338865548822,-0.164310507529884,-3.5207431441594e-06,0.000403441653649778
0.08,0.3,2,44,0.620269438905357,0.000886255404446602,0.00142882326430697,1.16483125503384e-07,0.00123575154085909,-0.163730305490001,10,40,0.0014338865548822,-0.164310507529884,-5.06329057523556e-06,0.00058020203988321
0.12,0.3,1,34,0.621902710305213,0.00088991523085743,0.0014309557043427,1.27168763774583e-07,0.00120727267783428,-0.163974661620981,10,40,0.0014338865548822,-0.164310507529884,-2.93085053950097e-06,0.000335845908903593
0.12,0.3,2,34,0.620937665134718,0.000887866007154108,0.00142987945007568,3.27294667282869e-08,0.00120727267783428,-0.163851333732997,10,40,0.0014338865548822,-0.164310507529884,-4.0071048065186e-06,0.000459173796887091
0.04,0.2,1,38,0.641059762021329,0.00109852302892648,0.00171360471208289,1.06696611571158e-06,0.00158346241366474,-0.196363290098658,11,44,0.00172065605372869,-0.197171297653988,-7.05134164580485e-06,0.000808007555329726
0.04,0.2,2,38,0.638944068148693,0.00109253764927995,0.00170991124848457,4.15407314685648e-07,0.00158346241366474,-0.195940059027528,11,44,0.00172065605372869,-0.197171297653988,-1.07448052441188e-05,0.00123123862645966
0.04,0.3,1,55,0.641818525109279,0.00110063855052696,0.00171487501134306,1.31731805703168e-06,0.00153888199259248,-0.196508852677043,11,44,0.00172065605372869,-0.197171297653988,-5.78104238563196e-06,0.000662444976944343
0.04,0.3,2,55,0.64006103572639,0.00109573487339868,0.00171192247651063,6.30287079699755e-07,0.00153888199259248,-0.196170524060215,11,44,0.00172065605372869,-0.197171297653988,-8.73357721806276e-06,0.00100077359377299
0.08,0.3,1,44,0.642780841880324,0.00110333692729711,0.0017165056196596,4.24836436618757e-07,0.00150729928963192,-0.196695702776125,11,44,0.00172065605372869,-0.197171297653988,-4.15043406908804e-06,0.000475594877862417
0.08,0.3,2,44,0.64154846250243,0.00109998481628838,0.00171457790109537,1.44544780657157e-07,0.00150729928963192,-0.196474807051285,11,44,0.00172065605372869,-0.197171297653988,-6.07815263331903e-06,0.000696490602702687
0.12,0.3,1,34,0.643240333018429,0.00110459692635964,0.00171723828506878,1.61903088994831e-07,0.00147667898527698,-0.196779658315308,11,44,0.00172065605372869,-0.197171297653988,-3.41776865991515e-06,0.000391639338679667
0.12,0.3,2,34,0.64223960566031,0.0011019833784294,0.00171584462981912,4.06173490074564e-08,0.00147667898527698,-0.196619960481367,11,44,0.00172065605372869,-0.197171297653988,-4.81142390956822e-06,0.000551337172621097
0.04,0.2,1,38,0.662681097098913,0.00134653649780368,0.00203195247864856,1.30858586308664e-06,0.00189713388740024,-0.232842359225276,12,47.9999999999999,0.00204030932896876,-0.233799955941785,-8.3568503202059e-06,0.000957596716508607
0.04,0.2,2,38,0.660493336128375,0.00133919501257201,0.00202756778807488,5.09211477584026e-07,0.00189713388740024,-0.232339925186517,12,47.9999999999999,0.00204030932896876,-0.233799955941785,-1.2741540893888e-05,0.00146003075526743
0.04,0.3,1,55,0.663466034635827,0.00134913316985021,0.00203346230163952,1.61638728460899e-06,0.00185085197078401,-0.233015367191709,12,47.9999999999999,0.00204030932896876,-0.233799955941785,-6.8470273292434e-06,0.000784588750075477
0.04,0.3,2,55,0.661647973263712,0.00134311458913659,0.00202995345472216,7.72675512438847e-07,0.00185085197078401,-0.232613294570885,12,47.9999999999999,0.00204030932896876,-0.233799955941785,-1.03558742466058e-05,0.00118666137089965
0.08,0.3,1,44,0.664461361685879,0.00135244420363111,0.00203539931983354,5.21956513458156e-07,0.00181803881742285,-0.23323732669574,12,47.9999999999999,0.00204030932896876,-0.233799955941785,-4.91000913522242e-06,0.00056262924604436
0.08,0.3,2,44,0.663185563102659,0.00134832472701381,0.00203310325500118,1.7724115400517e-07,0.00181803881742285,-0.232974224668309,12,47.9999999999999,0.00204030932896876,-0.233799955941785,-7.20607396757908e-06,0.000825731273475822
0.12,0.3,1,34,0.664936952905211,0.00135399219546884,0.00203627154356972,1.99233467494036e-07,0.00178621666720978,-0.233337273273804,12,47.9999999999999,0.00204030932896876,-0.233799955941785,-4.03778539903978e-06,0.000462682667980413
0.12,0.3,2,34,0.663900012566809,0.00135077539960625,0.00203460667877351,4.9835194340515e-08,0.00178621666720978,-0.233146499353883,12,47.9999999999999,0.00204030932896876,-0.233799955941785,-5.7026501952516e-06,0.000653456587901335
0.04,0.2,1,38,0.684691539724171,0.00162156744780144,0.00236831821882111,1.57602866052409e-06,0.00223436025380983,-0.271385725243048,13,51.9999999999999,0.0023780594564218,-0.272501944840525,-9.7412376006893e-06,0.00111621959747754
0.04,0.2,2,38,0.682430394689712,0.00161272553511715,0.00236320883077083,6.13278582268292e-07,0.00223436025380983,-0.270800255438122,13,51.9999999999999,0.0023780594564218,-0.272501944840525,-1.48506256509758e-05,0.00170168940240362
0.04,0.3,1,55,0.685503137282449,0.00162469408021628,0.0023700753386149,1.94645114151707e-06,0.00218823686395751,-0.271587068428519,13,51.9999999999999,0.0023780594564218,-0.272501944840525,-7.98411780690003e-06,0.000914876412005938
0.04,0.3,2,55,0.683623381671096,0.00161744721095529,0.00236599164733291,9.30756563467433e-07,0.00218823686395751,-0.271119130245923,13,51.9999999999999,0.0023780594564218,-0.272501944840525,-1.2067809088898e-05,0.00138281459460232
0.08,0.3,1,44,0.686532082931954,0.00162868128439821,0.00237233091488258,6.28274018538938e-07,0.00215550257180642,-0.271845528257029,13,51.9999999999999,0.0023780594564218,-0.272501944840525,-5.72854153922057e-06,0.0006564165834958
0.08,0.3,2,44,0.685212040438356,0.00162372354395831,0.00236966580873208,2.13618513269009e-07,0.00215550257180642,-0.271540141605657,13,51.9999999999999,0.0023780594564218,-0.272501944840525,-8.39364768972844e-06,0.000961803234868552
0.12,0.3,1,34,0.687024078431393,0.00163054468267316,0.00237334430315166,2.39579918030031e-07,0.0021237452918644,-0.271961649422062,13,51.9999999999999,0.0023780594564218,-0.272501944840525,-4.71515327014893e-06,0.000540295418463177
0.12,0.3,2,34,0.685950219494829,0.00162667732883637,0.0023714218358795,6.0128866544542e-08,0.0021237452918644,-0.271741359579004,13,51.9999999999999,0.0023780594564218,-0.272501944840525,-6.63762054230839e-06,0.000760585261520952
0.04,0.2,1,38,0.707208418575221,0.00190829678746356,0.00269835134500819,1.85678708020341e-06,0.00257271428006055,-0.309203034380304,14,55.9999999999999,0.00270943257241295,-0.310472784522298,-1.10812274047617e-05,0.00126975014199482
0.04,0.2,2,38,0.704872140984454,0.0018978779462385,0.00269251377077812,7.21828231762357e-07,0.00257271428006055,-0.308534131667009,14,55.9999999999999,0.00270943257241295,-0.310472784522298,-1.69188016348348e-05,0.00193865285528971
0.04,0.3,1,55,0.708047336583907,0.00191198518366339,0.00270036349954804,2.29491926613331e-06,0.0025292630634382,-0.309433598545961,14,55.9999999999999,0.00270943257241295,-0.310472784522298,-9.06907286491202e-06,0.00103918597633773
0.04,0.3,2,55,0.706104362881441,0.00190343728678532,0.0026956883243404,1.09580927133306e-06,0.0025292630634382,-0.308897890227383,14,55.9999999999999,0.00270943257241295,-0.310472784522298,-1.37442480725482e-05,0.00157489429491586
0.08,0.3,1,44,0.709110719547002,0.00191668639154892,0.00270294375576969,7.42270497823767e-07,0.00249837619886856,-0.309729259023076,14,55.9999999999999,0.00270943257241295,-0.310472784522298,-6.4888166432641e-06,0.000743525499222408
0.08,0.3,2,44,0.707745269136985,0.0019108270818939,0.00269987969573282,2.51712264488272e-07,0.00249837619886856,-0.309378161541711,14,55.9999999999999,0.00270943257241295,-0.310472784522298,-9.55287668013248e-06,0.00109462298058738
0.12,0.3,1,34,0.709619544685063,0.00191888784472703,0.00270410793938695,2.83665258061376e-07,0.00246839287082608,-0.309862657813654,14,55.9999999999999,0.00270943257241295,-0.310472784522298,-5.32463302600284e-06,0.000610126708644576
0.12,0.3,2,34,0.708507728274955,0.00191430785876353,0.00270188705411077,7.09623675080556e-08,0.00246839287082608,-0.309608176122463,14,55.9999999999999,0.00270943257241295,-0.310472784522298,-7.54551830218315e-06,0.00086460839983582
0.04,0.2,1,38,0.730495264174059,0.00218146238726733,0.00298627861706102,2.13014622556399e-06,0.00287896621594645,-0.342195202030842,15,59.9999999999999,0.0029984750701869,-0.343592725012161,-1.21964531258731e-05,0.00139752298131851
0.04,0.2,2,38,0.728081176125347,0.00216950253009623,0.00297975363357386,8.25313859534013e-07,0.00287896621594645,-0.341447540571186,15,59.9999999999999,0.0029984750701869,-0.343592725012161,-1.87214366130358e-05,0.00214518444097456
0.04,0.3,1,55,0.731362523162213,0.00218571606782179,0.00298855355394935,2.64091675617382e-06,0.00284156592211741,-0.342455874310731,15,59.9999999999999,0.0029984750701869,-0.343592725012161,-9.92151623754704e-06,0.00113685070142927
0.04,0.3,2,55,0.729353978011021,0.00217586194410129,0.00298327288216753,1.25339996315855e-06,0.00284156592211741,-0.341850791661514,15,59.9999999999999,0.0029984750701869,-0.343592725012161,-1.52021880193676e-05,0.00174193335064649
0.08,0.3,1,44,0.732461603700772,0.0021911264841163,0.00299145576101956,8.6139662348766e-07,0.00281490268708363,-0.342788421932447,15,59.9999999999999,0.0029984750701869,-0.343592725012161,-7.0193091673402e-06,0.000804303079713686
0.08,0.3,2,44,0.731048922882165,0.00218431522484579,0.00298791935324125,2.88246739358345e-07,0.00281490268708363,-0.342383204805189,15,59.9999999999999,0.0029984750701869,-0.343592725012161,-1.05557169456454e-05,0.00120952020697179
0.12,0.3,1,34,0.732987922258411,0.00219368060322106,0.00299279229112276,3.32678346445727e-07,0.00278898736722993,-0.342941567403111,15,59.9999999999999,0.0029984750701869,-0.343592725012161,-5.68277906413429e-06,0.000651157609049491
0.12,0.3,2,34,0.731836498138975,0.0021883016329169,0.00299015099476679,8.14318250661684e-08,0.00278898736722993,-0.342638916094562,15,59.9999999999999,0.0029984750701869,-0.343592725012161,-8.32407542010688e-06,0.00095380891759822
0.04,0.2,1,38,0.755050178500656,0.00240350661131429,0.00318324090206436,2.36545895499379e-06,0.00310753999260987,-0.364763913525861,16,63.9999999999999,0.00319608013623408,-0.366235076613618,-1.2839234169715e-05,0.00147116308775735
0.04,0.2,2,38,0.752553867606655,0.00239020787818964,0.00317612862158454,9.09539949777584e-07,0.00310753999260987,-0.363948963893544,16,63.9999999999999,0.00319608013623408,-0.366235076613618,-1.99515146495364e-05,0.00228611272007412
0.04,0.3,1,55,0.755947461297767,0.00240828789199708,0.00318578739303213,2.95389870779606e-06,0.00308068624725405,-0.365055699182708,16,63.9999999999999,0.00319608013623408,-0.366235076613618,-1.02927432019425e-05,0.00117937743091007
0.04,0.3,2,55,0.753869464227572,0.00239722085880556,0.00317988852521277,1.38204408145355e-06,0.00308068624725405,-0.364379786653795,16,63.9999999999999,0.00319608013623408,-0.366235076613618,-1.61916110213082e-05,0.00185528995982348
0.08,0.3,1,44,0.757084316868356,0.00241434012075111,0.0031889976677075,9.82257745294194e-07,0.00306140697812752,-0.365423543403014,16,63.9999999999999,0.00319608013623408,-0.366235076613618,-7.08246852658152e-06,0.000811533210603677
0.08,0.3,2,44,0.755621396938085,0.00240654286480618,0.00318485272460246,3.18331167883223e-07,0.00306140697812752,-0.364948601676634,16,63.9999999999999,0.00319608013623408,-0.366235076613618,-1.12274116316176e-05,0.00128647493698414
0.12,0.3,1,34,0.757629224318401,0.00241725047176899,0.00319054544647966,3.88665454619943e-07,0.00304260823988032,-0.365600893154289,16,63.9999999999999,0.00319608013623408,-0.366235076613618,-5.53468975441522e-06,0.000634183459329307
0.12,0.3,2,34,0.756435464510336,0.0024109459649879,0.00318724607465169,9.01775318695511e-08,0.00304260823988032,-0.365222839903752,16,63.9999999999999,0.00319608013623408,-0.366235076613618,-8.83406158238512e-06,0.00101223670986594
0.04,0.2,1,38,0.781742006696828,0.0025220909220618,0.00322624459278918,2.52067097251003e-06,0.00319958177469285,-0.369691419234264,17,67.9999999999999,0.00323893080298227,-0.371145045509677,-1.268621019309e-05,0.00145362627541246
0.04,0.2,2,38,0.77915604046937,0.00250788308746307,0.00321871737778263,9.54708262909724e-07,0.00319958177469285,-0.368828926626561,17,67.9999999999999,0.00323893080298227,-0.371145045509677,-2.02134251996353e-05,0.00231611888311589
0.04,0.3,1,55,0.782672146627242,0.00252730823729866,0.0032290765018144,3.19329968585827e-06,0.00318917805051631,-0.370015908441325,17,67.9999999999999,0.00323893080298227,-0.371145045509677,-9.8543011678642e-06,0.00112913706835172
0.04,0.3,2,55,0.780518164001113,0.00251525104155913,0.00322254004783871,1.45175073282287e-06,0.00318917805051631,-0.36926694054508,17,67.9999999999999,0.00323893080298227,-0.371145045509677,-1.63907551435564e-05,0.00187810496459695
0.08,0.3,1,44,0.7838502756913,0.00253385094245759,0.00323257007241966,1.10168203401702e-06,0.00318143071229463,-0.370416212894375,17,67.9999999999999,0.00323893080298227,-0.371145045509677,-6.36073056260646e-06,0.000728832615301878
0.08,0.3,2,44,0.782332054448674,0.00252504484719188,0.00322758710043056,3.35123632016249e-07,0.00318143071229463,-0.369845248065206,17,67.9999999999999,0.00323893080298227,-0.371145045509677,-1.13437025517065e-05,0.00129979744447078
0.12,0.3,1,34,0.78441561549015,0.0025371094250279,0.00323439433755097,4.55527389446011e-07,0.0031737467417086,-0.370625242981431,17,67.9999999999999,0.00323893080298227,-0.371145045509677,-4.53646543130013e-06,0.00051980252824585
0.12,0.3,2,34,0.783174933366905,0.00252968114886318,0.00323003334387627,9.52964356734778e-08,0.0031737467417086,-0.370125546460269,17,67.9999999999999,0.00323893080298227,-0.371145045509677,-8.89745910599704e-06,0.00101949904940757
0.04,0.2,1,38,0.812036174757306,0.00246641622877161,0.00303732309648489,2.5407271840279e-06,0.00308224622643062,-0.348044097114763,18,71.9999999999999,0.00304864926139865,-0.349341895888962,-1.13261649137544e-05,0.0012977987741995
0.04,0.2,2,38,0.809348003200197,0.00245202608325911,0.00302963134963414,9.34031997246223e-07,0.00308224622643062,-0.347162744622723,18,71.9999999999999,0.00304864926139865,-0.349341895888962,-1.90179117645064e-05,0.00217915126623947
0.04,0.3,1,55,0.813003963874649,0.00247191416611126,0.00304047000500528,3.3097046769966e-06,0.0030959359930044,-0.348404682958486,18,71.9999999999999,0.00304864926139865,-0.349341895888962,-8.17925639337146e-06,0.00093721293047655
0.04,0.3,2,55,0.810762946621144,0.00245924451387191,0.00303324729394802,1.42191898728659e-06,0.0030959359930044,-0.347577074666306,18,71.9999999999999,0.00304864926139865,-0.349341895888962,-1.54019674506295e-05,0.00176482122265592
0.08,0.3,1,44,0.814229279244416,0.00247869103541568,0.00304421751784195,1.21938267460425e-06,0.00310508755026552,-0.348834088475373,18,71.9999999999999,0.00304864926139865,-0.349341895888962,-4.4317435566937e-06,0.000507807413589134
0.08,0.3,2,44,0.812647174766631,0.00246883949785993,0.003038021388026,3.29339667946724e-07,0.00310508755026552,-0.348124110262904,18,71.9999999999999,0.00304864926139865,-0.349341895888962,-1.06278733726464e-05,0.00121778562605829
0.12,0.3,1,34,0.814818174939669,0.00248228312444372,0.00304642581718002,5.41121521666353e-07,0.00311368732532944,-0.349087124512797,18,71.9999999999999,0.00304864926139865,-0.349341895888962,-2.22344421862367e-06,0.000254771376165641
0.12,0.3,2,34,0.813522776699863,0.00247339715216586,0.00304035390649963,9.41905122252615e-08,0.00311368732532944,-0.348391379910544,18,71.9999999999999,0.00304864926139865,-0.349341895888962,-8.29535489901617e-06,0.000950515978417887
0.04,0.2,1,38,0.848401251011254,0.00214155190094953,0.00252422058359403,2.35677135559959e-06,0.00266954359685704,-0.289250071695277,19,75.9999999999999,0.00253246334455579,-0.290194580260122,-8.24276096175747e-06,0.000944508564844071
0.04,0.2,2,38,0.845589611816015,0.00212807638947667,0.00251667754634112,8.11560954644153e-07,0.00266954359685704,-0.288385741732215,19,75.9999999999999,0.00253246334455579,-0.290194580260122,-1.57857982146679e-05,0.00180883852790681
0.04,0.3,1,55,0.849414852349818,0.0021471128134922,0.00252775520412956,3.25217183608003e-06,0.00271709511196907,-0.289655091283122,19,75.9999999999999,0.00253246334455579,-0.290194580260122,-4.7081404262253e-06,0.000539488976999514
0.04,0.3,2,55,0.847067986478359,0.00213436424726956,0.00251970831307539,1.23802772072673e-06,0.00271709511196907,-0.288733026601714,19,75.9999999999999,0.00253246334455579,-0.290194580260122,-1.27550314803935e-05,0.00146155365840778
0.08,0.3,1,44,0.850697402666114,0.00215374889321441,0.00253174499706299,1.34541325626937e-06,0.00274999718869898,-0.290112267395264,19,75.9999999999999,0.00253246334455579,-0.290194580260122,-7.18347492803008e-07,8.23128648574367e-05
0.08,0.3,2,44,0.849036682735357,0.00214272217227275,0.00252370977113675,2.88493469679351e-07,0.00274999718869898,-0.289191539509537,19,75.9999999999999,0.00253246334455579,-0.290194580260122,-8.75357341903948e-06,0.00100304075058449
0.12,0.3,1,34,0.851315206848105,0.00215767569211698,0.0025345203219211,6.62438966370811e-07,0.00278147267180017,-0.290430281913222,19,75.9999999999999,0.00253246334455579,-0.290194580260122,2.05697736530702e-06,-0.000235701653099996
0.12,0.3,2,34,0.849951609913265,0.00214671669109933,0.00252569283481727,8.33598275018255e-08,0.00278147267180017,-0.289418771729521,19,75.9999999999999,0.00253246334455579,-0.290194580260122,-6.77050973852322e-06,0.000775808530600997
0.04,0.2,1,38,0.895120542022096,0.00141550382314899,0.00158135553447509,1.88758977298462e-06,0.0018637257625976,-0.18120893873363,20,79.9999999999999,0.0015841246952215,-0.181526255616459,-2.76916074640633e-06,0.000317316882828544
0.04,0.2,2,38,0.892148778647081,0.00140448342365425,0.00157427041012611,5.37275240870238e-07,0.0018637257625976,-0.180397057436815,20,79.9999999999999,0.0015841246952215,-0.181526255616459,-9.85428509538448e-06,0.00112919817964446
0.04,0.3,1,55,0.896194183467309,0.00142088220369446,0.00158546242533864,2.99533128467093e-06,0.00195755316033858,-0.181679545501152,20,79.9999999999999,0.0015841246952215,-0.181526255616459,1.33773011714482e-06,-0.000153289884693042
0.04,0.3,2,55,0.893708703040835,0.00140867454162387,0.00157621217834275,8.24172932678986e-07,0.00195755316033858,-0.180619563819161,20,79.9999999999999,0.0015841246952215,-0.181526255616459,-7.91251687874586e-06,0.000906691797298353
0.08,0.3,1,44,0.897551401365096,0.00142689323029763,0.00158976213298475,1.51991567300028e-06,0.00202289690672012,-0.182172247010655,20,79.9999999999999,0.0015841246952215,-0.181526255616459,5.63743776325659e-06,-0.00064599139419555
0.08,0.3,2,44,0.895785994388981,0.00141424525813543,0.0015787758091709,1.95170071110949e-07,0.00202289690672012,-0.18091332915531,20,79.9999999999999,0.0015841246952215,-0.181526255616459,-5.34888605059321e-06,0.000612926461149438
0.12,0.3,1,34,0.898207553730313,0.00143123824542613,0.00159343821979909,8.58699337448716e-07,0.002085596285722,-0.182593488060239,20,79.9999999999999,0.0015841246952215,-0.181526255616459,9.31352457759485e-06,-0.00106723244377965
0.12,0.3,2,34,0.896751540833718,0.00141695119916802,0.00158009340898446,5.79099287002201e-08,0.002085596285722,-0.181064312335607,20,79.9999999999999,0.0015841246952215,-0.181526255616459,-4.03128623703564e-06,0.0004619432808525
0.04,0.2,1,38,0.960128651784021,8.39244465678764e-05,8.74095845509203e-05,1.0720932513816e-06,0.000554363188330062,-0.0100164003889501,21,83.9999999999999,8.13426737346537e-05,-0.00932118365470268,6.0669108162666e-06,-0.00069521673424742
0.04,0.2,2,38,0.95693071092572,7.73983525395663e-05,8.08818775025961e-05,3.37511792696832e-08,0.000554363188330062,-0.00926838029850966,21,83.9999999999999,8.13426737346537e-05,-0.00932118365470268,-4.60796232057547e-07,5.28033561930218e-05
0.04,0.3,1,55,0.961288475720871,8.89856232066771e-05,9.25691147394093e-05,2.65585569990046e-06,0.00071053202699196,-0.0106076389635671,21,83.9999999999999,8.13426737346537e-05,-0.00932118365470268,1.12264410047556e-05,-0.00128645530886446
0.04,0.3,2,55,0.958604261586275,7.77301557228334e-05,8.10868038435458e-05,6.35048945574403e-08,0.00071053202699196,-0.00929186312632654,21,83.9999999999999,8.13426737346537e-05,-0.00932118365470268,-2.55869891107826e-07,2.93205283761425e-05
0.08,0.3,1,44,0.962752128152945,9.38643877355863e-05,9.74959026220659e-05,1.87044391524596e-06,0.000819524522540529,-0.011172207232333,21,83.9999999999999,8.13426737346537e-05,-0.00932118365470268,1.61532288874123e-05,-0.00185102357763029
0.08,0.3,2,44,0.960832861124486,7.8170731233563e-05,8.13572624296778e-05,2.28069185185278e-08,0.000819524522540529,-0.00932285539593222,21,83.9999999999999,8.13426737346537e-05,-0.00932118365470268,1.45886950241557e-08,-1.67174122953431e-06
0.12,0.3,1,34,0.963464329306976,9.89976555745362e-05,0.00010275176004258,1.22981913006388e-06,0.00092418120250594,-0.0117744840858954,21,83.9999999999999,8.13426737346537e-05,-0.00932118365470268,2.14090863079268e-05,-0.00245330043119273
0.12,0.3,2,34,0.961869096971126,7.8489955494715e-05,8.16014941553644e-05,1.0375368730816e-08,0.00092418120250594,-0.00935084228884169,21,83.9999999999999,8.13426737346537e-05,-0.00932118365470268,2.58820420710775e-07,-2.96586341390018e-05
0.04,0.2,1,38,1.05992539361119,-0.00224854843541725,-0.00212142142170629,8.52039258555048e-07,-0.00140232034429139,0.243094435353418,22,87.9999999999999,-0.00214159160711531,0.245405694839291,2.01701854090192e-05,-0.00231125948587285
0.04,0.2,2,38,1.05637075623086,-0.00224812486541163,-0.00212815893676664,8.49196016390627e-07,-0.00140232034429139,0.243866473309338,22,87.9999999999999,-0.00214159160711531,0.245405694839291,1.34326703486736e-05,-0.00153922152995287
0.04,0.3,1,55,1.06122486339872,-0.00224327915540539,-0.00211385845995068,2.95082374425621e-06,-0.00116109589898753,0.242227810979007,22,87.9999999999999,-0.00214159160711531,0.245405694839291,2.77331471646354e-05,-0.00317788386028428
0.04,0.3,2,55,1.05821927103136,-0.00225456418474773,-0.00213052648582972,1.2730848686305e-06,-0.00116109589898753,0.244137765837085,22,87.9999999999999,-0.00214159160711531,0.245405694839291,1.1065121285589e-05,-0.00126792900220568
0.08,0.3,1,44,1.06285898948744,-0.00223965997449765,-0.00210720330415394,2.81051113521714e-06,-0.000992721300599531,0.241465210078875,22,87.9999999999999,-0.00214159160711531,0.245405694839291,3.4388302961371e-05,-0.0039404847604157
0.08,0.3,2,44,1.06068085310794,-0.00226312434515361,-0.00213365249172016,2.81418395181253e-07,-0.000992721300599531,0.244495968327376,22,87.9999999999999,-0.00214159160711531,0.245405694839291,7.93911539515154e-06,-0.000909726511914871
0.12,0.3,1,34,1.0636646912081,-0.00223235523927124,-0.00209873962887284,2.07889619401883e-06,-0.000831123244530168,0.24049537435694,22,87.9999999999999,-0.00214159160711531,0.245405694839291,4.28519782424718e-05,-0.0049103204823511
0.12,0.3,2,34,1.06182648269455,-0.00226700099969269,-0.00213500137417917,7.38065859244341e-08,-0.000831123244530168,0.244650533942598,22,87.9999999999999,-0.00214159160711531,0.245405694839291,6.59023293614423e-06,-0.000755160896692836
0.04,0.2,1,38,1.23651090212665,-0.00668130208501063,-0.00540335072947564,2.91480018537741e-06,-0.0043074439017185,0.619136208242598,23,91.9999999999999,-0.00544883316936254,0.624347038002271,4.54824398869024e-05,-0.00521082975967224
0.04,0.2,2,38,1.23228692892464,-0.00667245441551187,-0.00541469219456433,2.52696633578626e-06,-0.0043074439017185,0.620435578296523,23,91.9999999999999,-0.00544883316936254,0.624347038002271,3.41409747982154e-05,-0.00391145970574724
0.04,0.3,1,55,1.23808646421337,-0.00667175307437376,-0.00538876182497699,6.05529553104824e-06,-0.00393967518863472,0.61746478360204,23,91.9999999999999,-0.00544883316936254,0.624347038002271,6.00713443855523e-05,-0.00688225440023094
0.04,0.3,2,55,1.23444790050798,-0.00669172146993435,-0.00542082129766732,3.80506479312584e-06,-0.00393967518863472,0.621137777500631,23,91.9999999999999,-0.00544883316936254,0.624347038002271,2.80118716952235e-05,-0.0032092605016395
0.08,0.3,1,44,1.24005034616229,-0.00666682888874534,-0.00537625662488452,6.0790443605606e-06,-0.00368354539155475,0.616032083776529,23,91.9999999999999,-0.00544883316936254,0.624347038002271,7.25765444780212e-05,-0.00831495422574136
0.08,0.3,2,44,1.23732552324843,-0.00671733370973987,-0.00542891388201902,8.52620064128237e-07,-0.00368354539155475,0.622064928362532,23,91.9999999999999,-0.00544883316936254,0.624347038002271,1.9919287343525e-05,-0.00228210963973874
0.12,0.3,1,34,1.24105076286381,-0.00665139721639321,-0.00535948843949351,4.66494181944967e-06,-0.00343825653530558,0.614110978751446,23,91.9999999999999,-0.00544883316936254,0.624347038002271,8.93447298690366e-05,-0.0102360592508245
0.12,0.3,2,34,1.23866936835753,-0.00672909529274781,-0.00543251933457477,2.29702672047474e-07,-0.00343825653530558,0.622477997514983,23,91.9999999999999,-0.00544883316936254,0.624347038002271,1.63138347877715e-05,-0.00186904048728742
