segment,core_scale,exterior_scale,crack_length_mm,tip_x_m,tip_y_m,KI_unit,KII_unit,KII_over_KI,theta_deg,delta_theta_next_deg,theta_next_deg,hTip_m,T3_elements,EDI_elements,PCG_iterations,true_rel_residual,pcg_flag,pass,qualificationPassed,syntheticPassed
1,2,1,4,0.203987388488993,-0.0209259717588906,0.366441047760992,4.18677587292307e-06,1.14255100472637e-05,0,-0.00130926700859545,-0.00130926700859545,5.40246508e-05,38384,2976,2182,9.88732580939662e-11,0,1,1,1
2,2,1,8,0.207985902291431,-0.0210350009830254,0.437845820194962,4.10352624239938e-05,9.37208042907016e-05,-0.00130926700858157,-0.0107396128567487,-0.0120488798653303,5.40246508e-05,40193,2976,2215,9.82628761354323e-11,0,1,1,1
3,2,1,12,0.211984395587013,-0.0211447796930842,0.474322124263195,0.000109825896147672,0.000231542849320542,-0.0120488798653414,-0.0265328527658776,-0.038581732631219,5.40246508e-05,41074,2976,2238,9.9697708426768e-11,0,1,1,1
4,2,1,16,0.215982837616918,-0.0212564100361355,0.499799493161861,0.000188181718505789,0.000376514424445097,-0.0385817326312119,-0.0431453606213588,-0.0817270932525708,5.40246508e-05,41718,2976,2283,9.93235579323736e-11,0,1,1,1
5,2,1,20,0.219981194452328,-0.0213710512884554,0.521393149200318,0.00026917016791018,0.00051625183093222,-0.0817270932525695,-0.059158065367996,-0.140885158620566,5.40246508e-05,42062,2976,2305,9.89978963441689e-11,0,1,1,1
6,2,1,24,0.22397943078907,-0.0214898207944411,0.541717116218747,0.000354858273864714,0.000655061956213733,-0.140885158620576,-0.0750644956631713,-0.215949654283748,5.40246508e-05,42558,2976,2342,9.96596395286927e-11,0,1,1,1
7,2,1,28,0.227977508091915,-0.0216138283767867,0.561818268962149,0.000452276077037508,0.000805022018726804,-0.21594965428374,-0.0922485886836011,-0.308198242967341,5.40246508e-05,42954,2976,2360,9.73859177329679e-11,0,1,1,1
8,2,1,32,0.231975380555504,-0.0217442728664119,0.582117588533933,0.000569837155262993,0.0009789038615001,-0.308198242967352,-0.112173868814371,-0.420372111781723,5.40246508e-05,43291,2976,2353,9.91339064685747e-11,0,1,1,1
9,2,1,36,0.235972989972691,-0.0218825441491246,0.602765963031514,0.00071525694679146,0.00118662464481934,-0.420372111781701,-0.135976721276382,-0.556348833058083,5.40246508e-05,43626,2976,2374,9.98766987584921e-11,0,1,1,1
10,2,1,40,0.239970259981227,-0.0220303023260798,0.62379575977445,0.000894400092219285,0.00143380277631685,-0.556348833058095,-0.164300907351627,-0.720649740409722,5.40246508e-05,44001,2976,2440,9.88578065966335e-11,0,1,1,1
11,2,1,44,0.243967089845278,-0.0221895224185001,0.645195354441156,0.00111008112621908,0.00172053490245693,-0.720649740409734,-0.19715741502857,-0.917807155438304,5.40246508e-05,44401,2976,2465,9.89428174619225e-11,0,1,1,1
12,2,1,48,0.247963348163938,-0.0223624948166973,0.666954936476741,0.00136068940794568,0.00204015194059987,-0.917807155438327,-0.233781921088715,-1.15158907652704,5.40246508e-05,44870,2976,2496,9.95104185480098e-11,0,1,1,1
13,2,1,52,0.251958867445543,-0.0225517715197515,0.689105951446073,0.00163860360476387,0.00237786889131534,-1.15158907652705,-0.272480108552223,-1.42406918507927,5.40246508e-05,45188,2976,2516,9.95355849025027e-11,0,1,1,1
14,2,1,56,0.255953441409913,-0.0227600474021239,0.711766381802868,0.0019283278305442,0.00270921453983235,-1.42406918507927,-0.31044780111269,-1.73451698619196,5.40246508e-05,45582,2976,2530,9.97251602201833e-11,0,1,1,1
15,2,1,60,0.259946828234091,-0.0229899640663329,0.735201301342529,0.00220430700084425,0.00299823598899925,-1.73451698619195,-0.343565330050121,-2.07808231624207,5.40246508e-05,45979,2976,2548,9.77164155911425e-11,0,1,1,1
16,2,1,64,0.263938764613386,-0.0232438221835226,0.759911783427475,0.00242854983671078,0.00319583126577818,-2.0780823162421,-0.366206560198968,-2.44428887644107,5.40246508e-05,46363,2976,2586,9.75730638803319e-11,0,1,1,1
17,2,1,68,0.267928996929155,-0.0235231894439404,0.786771879372942,0.00254810458984524,0.00323868284651465,-2.44428887644106,-0.371116633877716,-2.81540551031877,5.40246508e-05,46688,2976,2616,9.97961463657571e-11,0,1,1,1
18,2,1,72,0.27191733603472,-0.0238283962247066,0.817255783083562,0.00249133827219183,0.0030484192632958,-2.81540551031877,-0.349315541762246,-3.16472105208102,5.40246508e-05,46784,2976,2630,9.67459450956854e-11,0,1,1,1
19,2,1,76,0.275903740272988,-0.0241579129148932,0.85384670182024,0.00216216878477861,0.00253226812280152,-3.16472105208106,-0.290172210499124,-3.45489326258019,5.40246508e-05,47203,2976,2666,9.52868120260999e-11,0,1,1,1
20,2,1,80,0.279888424571086,-0.0245076142796242,0.900852917389701,0.00142693908792733,0.00158398675342253,-3.45489326258018,-0.181510448928299,-3.63640371150848,5.40246508e-05,47455,2976,2698,9.69597438387509e-11,0,1,1,1
21,2,1,84,0.283871981037857,-0.0248699371688399,0.966253916892704,7.85432201310633e-05,8.12863148680876e-05,-3.63640371150845,-0.00931472540461685,-3.64571843691307,5.40246508e-05,47432,2976,2721,9.82654168626762e-11,0,1,1,1
22,2,1,88,0.287855478548201,-0.0252329076705052,1.06663772317081,-0.00228423476986851,-0.00214152820610745,-3.64571843691306,0.245398429852191,-3.40032000706087,5.40246508e-05,47625,2976,2775,9.72003112164243e-11,0,1,1,1
23,2,1,92,0.291840494123351,-0.0255788135331575,1.24420229698973,-0.00677912127692539,-0.00544856836651648,-3.40032000706082,0.624316700136018,-2.7760033069248,5.40246508e-05,47452,2976,2807,9.65497396434422e-11,0,1,1,1
