n_segments,increment_m,path_length_m,theta_prev_deg,theta_current_deg,hTip_m,rInner_m,rOuter_m,rCore_m,transition_m,farCap_m,T3_nodes,T3_elements,T6_nodes,core_T3_elements,exterior_T3_elements,physical_clearance_m,prior_tip_distance_m,exterior_crack_m,EDI_elements,core_coord_error_m,pair_error_T3_m,pair_error_T6_m,area_rel_error,min_angle_deg,max_neighbor_ratio,min_T6_detJ_m2,recovery_matrix_error,tiny_mixed_KII_rel_error,superposition_residual,pass,segment
2,0.004,0.00800000000000001,-7.15624803329291e-15,-0.00131272214159878,2.70123254e-05,0.0004,0.0026,0.003,0.004,0.0025,25325,49637,100287,12678,36959,0.00799999999947508,0.004,0.00500000000000001,11316,0,0,0,4.85469480612046e-16,25.0104549252436,1.79641884524009,6.11393392337385e-10,7.65411412333107e-08,3.85421385917795e-08,4.66301166903997e-15,1,2
3,0.004,0.012,-0.00131272214159878,-0.0120563715765322,2.70123254e-05,0.0004,0.0026,0.003,0.004,0.0025,25802,50518,102122,12678,37840,0.0119999999466909,0.00400000000000001,0.00900000000000002,11316,0,0,0,6.06836850765058e-16,25.0022178891179,1.79709272647391,6.11393392337385e-10,7.6541149290626e-08,3.84139111631043e-08,3.15304615423849e-14,1,3
4,0.004,0.016,-0.0120563715765322,-0.0385897300242805,2.70123254e-05,0.0004,0.0026,0.003,0.004,0.0025,26158,51162,103478,12678,38484,0.0159999994143324,0.00399999999999999,0.013,11316,0,0,0,1.21367370153012e-15,25.0004403312832,1.79771595172527,6.11393392337385e-10,7.65411482779411e-08,3.84614822213081e-08,1.39889260805772e-14,1,4
5,0.004,0.02,-0.0385897300242805,-0.0817321929049561,2.70123254e-05,0.0004,0.0026,0.003,0.004,0.0025,26365,51512,104242,12678,38834,0.0199999971111667,0.00399999999999999,0.017,11316,0,0,0,6.06836850765058e-16,25.0014458948465,1.79629135563824,6.11393392337385e-10,7.65411366357804e-08,3.84383849194592e-08,2.02061508787656e-14,1,5
6,0.004,0.024,-0.0817321929049561,-0.140885775033892,2.70123254e-05,0.0004,0.0026,0.003,0.004,0.0025,26655,52002,105312,12678,39324,0.0239999904960615,0.004,0.021,11316,0,0,0,1.0923063313771e-15,25.0465708971427,1.79919043350887,6.11393392337385e-10,7.65411455865027e-08,3.84847564927071e-08,3.70815094111826e-14,1,6
7,0.004,0.028,-0.140885775033892,-0.215946335883104,2.70123254e-05,0.0004,0.0026,0.003,0.004,0.0025,26893,52410,106196,12678,39732,0.0279999753718467,0.00399999999999999,0.025,11316,0,0,0,1.45640844183614e-15,25.0214446801841,1.79859189973486,6.11393392337385e-10,7.6541137995142e-08,3.84215372850605e-08,3.33066909754635e-14,1,7
8,0.004,0.032,-0.215946335883104,-0.308193145966985,2.70123254e-05,0.0004,0.0026,0.003,0.004,0.0025,27090,52731,106911,12678,40053,0.0319999451460091,0.00399999999999999,0.029,11316,0,0,0,1.0923063313771e-15,25.0042045294164,1.7997355139806,6.11393392337385e-10,7.65411351695155e-08,3.8486250408809e-08,3.10889981363112e-15,1,8
9,0.004,0.036,-0.308193145966985,-0.42036850465699,2.70123254e-05,0.0004,0.0026,0.003,0.004,0.0025,27300,53070,107670,12678,40392,0.0359998895087099,0.00399999999999999,0.033,11316,0,0,0,2.18461266275421e-15,25.0068081651216,1.7995959778101,6.11393392337385e-10,7.65411312300964e-08,3.84714617940318e-08,1.33228540422225e-14,1,9
10,0.004,0.04,-0.42036850465699,-0.556350576338971,2.70123254e-05,0.0004,0.0026,0.003,0.004,0.0025,27522,53445,108489,12678,40767,0.0399997923734309,0.00399999999999999,0.0369999999999999,11316,0,0,0,1.33504107168313e-15,25.0066412221943,1.79969390728423,6.11393392337385e-10,7.65411148437691e-08,3.84925056273744e-08,2.90879177856784e-14,1,10
11,0.004,0.044,-0.556350576338971,-0.720661083868878,2.70123254e-05,0.0004,0.0026,0.003,0.004,0.0025,27766,53859,109391,12678,41181,0.0439996290014835,0.004,0.041,11316,0,0,0,1.0923063313771e-15,25.0311665774736,1.79936507971324,6.11393392337385e-10,7.65411153768152e-08,3.84835474598333e-08,8.43769579832146e-15,1,11
12,0.004,0.048,-0.720661083868878,-0.917832381522843,2.70123254e-05,0.0004,0.0026,0.003,0.004,0.0025,28041,54326,110408,12678,41648,0.0479993624131433,0.004,0.045,11316,0,0,0,2.91281688367228e-15,25.0055071494903,1.79806481530345,6.11393392337385e-10,7.6541121242807e-08,3.84998719571428e-08,1.4433204807681e-14,1,12
13,0.004,0.052,-0.917832381522843,-1.15163233746462,2.70123254e-05,0.0004,0.0026,0.003,0.004,0.0025,28234,54634,111102,12678,41956,0.0480411328300456,0.004,0.049,11316,0,0,0,1.0923063313771e-15,25.0099197221522,1.79895718322412,6.11393392337385e-10,7.65410955931606e-08,3.84791476459867e-08,2.4425060018321e-14,1,13
14,0.004,0.056,-1.15163233746462,-1.42413428230514,2.70123254e-05,0.0004,0.0026,0.003,0.004,0.0025,28474,55050,111998,12678,42372,0.0440465591023131,0.00400000000000001,0.053,11316,0,0,0,1.33504107168313e-15,25.0121791960628,1.79975313209337,6.11393392337385e-10,7.6541109756321e-08,3.85050180629065e-08,2.35368160079408e-14,1,14
15,0.004,0.06,-1.42413428230514,-1.73460706682741,2.70123254e-05,0.0004,0.0026,0.003,0.004,0.0025,28705,55433,112843,12678,42755,0.0400531726396158,0.00400000000000001,0.057,11316,0,0,0,2.0632452926012e-15,25.0702888172855,1.79937868326591,6.11393392337385e-10,7.65411087958925e-08,3.8483056963301e-08,2.70897866631248e-14,1,15
16,0.004,0.064,-1.73460706682741,-2.07819979183956,2.70123254e-05,0.0004,0.0026,0.003,0.004,0.0025,28935,55805,113675,12678,43127,0.0360612367808239,0.004,0.061,11316,0,0,0,7.28204220918069e-16,25.0124274870526,1.79717121278287,6.11393392337385e-10,7.65411057930226e-08,3.84776430717437e-08,2.39809074492361e-14,1,16
17,0.004,0.0679999999999999,-2.07819979183956,-2.44443486845321,2.70123254e-05,0.0004,0.0026,0.003,0.004,0.0025,29146,56157,114449,12678,43479,0.0320710051769073,0.00399999999999999,0.0649999999999999,11316,0,0,0,2.30598003290722e-15,25.0424469287958,1.79955868941486,6.11393392337385e-10,7.65410934132104e-08,3.84510916440206e-08,2.6867429243498e-14,1,17
18,0.004,0.0719999999999999,-2.44443486845321,-2.81557991396293,2.70123254e-05,0.0004,0.0026,0.003,0.004,0.0025,29230,56260,114720,12678,43582,0.0280826670003857,0.00399999999999998,0.0689999999999999,11316,0,0,0,3.64102110459035e-16,25.0338705780538,1.79963608362261,6.11393392337385e-10,7.65411045200007e-08,3.846857676848e-08,3.1308617073418e-14,1,18
19,0.004,0.0759999999999999,-2.81557991396293,-3.16492180985189,2.70123254e-05,0.0004,0.0026,0.003,0.004,0.0025,29454,56629,115537,12678,43951,0.0240962639167295,0.004,0.0729999999999999,11316,0,0,0,4.85469480612046e-16,25.0208324247744,1.7998180722992,6.11393392337385e-10,7.65410876483153e-08,3.85019742754622e-08,1.19910901629048e-14,1,19
20,0.004,0.0799999999999999,-3.16492180985189,-3.45511639011203,2.70123254e-05,0.0004,0.0026,0.003,0.004,0.0025,29609,56869,116087,12678,44191,0.0201115809805078,0.00399999999999998,0.0769999999999999,11316,0,0,0,3.76238847474335e-15,25.0111021549913,1.79727560217989,6.11393392337385e-10,7.6541088741784e-08,3.86173768518461e-08,3.55272621863612e-14,1,20
21,0.004,0.0839999999999999,-3.45511639011203,-3.63664264572848,2.70123254e-05,0.0004,0.0026,0.003,0.004,0.0025,29658,56900,116216,12678,44222,0.0161280260247266,0.00400000000000002,0.0809999999999999,11316,0,0,0,7.28204220918069e-16,25.0086273960815,1.79973609808841,6.11393392337385e-10,7.65411065113544e-08,3.84775267203707e-08,2.90878822527964e-14,1,21
22,0.004,0.0879999999999999,-3.63664264572848,-3.64596382938319,2.70123254e-05,0.0004,0.0026,0.003,0.004,0.0025,29794,57070,116658,12678,44392,0.0121445300689874,0.00399999999999999,0.0849999999999999,11316,0,0,0,1.57777581198915e-15,25.0097062948916,1.79996488019279,6.11393392337385e-10,7.65410760027557e-08,3.85054772511495e-08,2.35367281869831e-14,1,22
23,0.004,0.0919999999999999,-3.64596382938319,-3.40055813454387,2.70123254e-05,0.0004,0.0026,0.003,0.004,0.0025,29767,56932,116466,12678,44254,0.00815951593149478,0.004,0.0889999999999999,11316,0,0,0,1.0923063313771e-15,25.0014030385694,1.7999339570666,6.11393392337385e-10,7.65410859946055e-08,3.84396916519592e-08,5.39568841560612e-14,1,23
24,0.004,0.0959999999999999,-3.40055813454387,-2.7762110965416,2.70123254e-05,0.0004,0.0026,0.003,0.004,0.0025,29168,55618,113954,12678,42940,0.00417096897584473,0.00399999999999999,0.0929999999999999,11316,0,0,0,2.42734740306023e-15,25.002652601515,1.7996512178807,6.11393392337385e-10,7.65410889020134e-08,3.84736618119774e-08,1.44329014019751e-14,1,24
