role,repository_relative_path,bytes,sha256
atomic_state,verification/crack_path/final_clean_run/path_run_state.mat,2746,76a39146aca5e21bdf1a2c7c054cc00b131584389759972527c7934c19b41a04
compact_physical,verification/crack_path/final_clean_run/step_002_physical_small.mat,4233,d8a53de98f9defb7d36c89ec7adbd4ac03416e36dd454532bc42ea3e64397f7c
compact_physical,verification/crack_path/final_clean_run/step_003_physical_small.mat,4281,7667169d858d70c9249bae01889fb79e4519ca5d332a948e6539800f405d4459
compact_physical,verification/crack_path/final_clean_run/step_004_physical_small.mat,4307,03623cbde4e9ca3b71e37edf1078bd7c2ada6cd861b67af59b38922ee61caa14
compact_physical,verification/crack_path/final_clean_run/step_005_physical_small.mat,4346,9a954049ac38708a4a4a3a331dc1a7b3461782c05ddf213e5e174955810ecdf8
compact_physical,verification/crack_path/final_clean_run/step_006_physical_small.mat,4391,8233b566af1f2fe478e3abc13dbe985c8a992edbf69c7bb13ea6d611c25f9c10
compact_physical,verification/crack_path/final_clean_run/step_007_physical_small.mat,4438,fdcf521d06cc5261a529e6b27521644acc93be0871bb67ee8f22ef3cd4f61aa9
compact_physical,verification/crack_path/final_clean_run/step_008_physical_small.mat,4458,581605586d6afe352c857317d1586d8f3ea75034176e2183619b0d16abd021e5
compact_physical,verification/crack_path/final_clean_run/step_009_physical_small.mat,4507,63a28c462956a05bdc22b4b5c2ffb41a890689ffd9d0636c69548ae33f48fbc5
compact_physical,verification/crack_path/final_clean_run/step_010_physical_small.mat,4538,1e1bf5db95b5771e3c956daab0ea3e6d04851d642e3b199f3be1d36c27ae695a
compact_physical,verification/crack_path/final_clean_run/step_011_physical_small.mat,4573,af4aa63b9c7793c89f8244f728e78ca6060a2ab67f732b1f4ca6ba58bbe2a00a
compact_physical,verification/crack_path/final_clean_run/step_012_physical_small.mat,4609,24a75a1ccb11b3e743734ba647ffdacffe65311ba635847230622163056da521
compact_physical,verification/crack_path/final_clean_run/step_013_physical_small.mat,4646,13942ab506735d4f29980f25327ac2b1406a7f50a6f9e8a6cf5e980caf215019
compact_physical,verification/crack_path/final_clean_run/step_014_physical_small.mat,4679,ac49e08524af4ae7adbd1ec08bb54c21726624009f08aad24fcc67cf0d713a7d
compact_physical,verification/crack_path/final_clean_run/step_015_physical_small.mat,4702,518812e019f3d5f5383bc1bdb765638ffb0a3fc1079d06e4ec5f27c3b8a848cc
compact_physical,verification/crack_path/final_clean_run/step_016_physical_small.mat,4742,59af32cb9f21c6624b34f13c5fc58ac794ad6a04ac6b47871646cd1fb1d93611
compact_physical,verification/crack_path/final_clean_run/step_017_physical_small.mat,4781,d934f37512127b1e50348bfb934647a0a95f05ca37b8a914422730a2ea575164
compact_physical,verification/crack_path/final_clean_run/step_018_physical_small.mat,4828,2fe5d3dc2bdfcf3ac6ef0e08ed498a6b43c4dd8a4f72232a17cc18fc0b7c3bc9
compact_physical,verification/crack_path/final_clean_run/step_019_physical_small.mat,4854,f9834bd60645b8eee7d49db194c3ffa12fb2fcb0c20d6bf0c7c76aef4f95854c
compact_physical,verification/crack_path/final_clean_run/step_020_physical_small.mat,4884,5d83ba106f28860621d4869384d4b8bc6c8bb0a3549486fca1f31c4186db2f6a
compact_physical,verification/crack_path/final_clean_run/step_021_physical_small.mat,4925,4574b75dc5aa8cdde452b1cd992721323477b9536bc5e4c2288bef37bd08f53f
compact_physical,verification/crack_path/final_clean_run/step_022_physical_small.mat,4962,f3b83c30136cad126a6c562108fcba362eb6b40851704e1dd21b77831e43109f
compact_physical,verification/crack_path/final_clean_run/step_023_physical_small.mat,4995,dbb4e9c5ec328a7fbe89de966249922c397d62989debeee9802ceaeb3ac1bd86
qualification,verification/crack_path/final_clean_run/step_002_qualification_small.mat,15497,9f37e7954ed1b1db4b46acb693c3decb941b5b15f476a67f0e16366d42f70ab8
qualification,verification/crack_path/final_clean_run/step_003_qualification_small.mat,16354,e20aa0315ad2ed230a3b1d1c57c0d09f2217629dec7dd73bbda707b98ed8a73f
qualification,verification/crack_path/final_clean_run/step_004_qualification_small.mat,16982,30dd45c6fd2a8f946d9ded1adc3f46aadd31e2cd84bfec4560d749428f62e80b
qualification,verification/crack_path/final_clean_run/step_005_qualification_small.mat,19432,be1745f17051964953a3277d6b71962aa5d7a2991b8e8292deada1f62664b3e2
qualification,verification/crack_path/final_clean_run/step_006_qualification_small.mat,22287,676ae9a5576990e8a58dbf873480a6c653def5da058d7f9e33d8c674088e5f2e
qualification,verification/crack_path/final_clean_run/step_007_qualification_small.mat,23444,1f72260ac97347fb3fa34e03000671b77a0096bafa94218975263fec78d426e4
qualification,verification/crack_path/final_clean_run/step_008_qualification_small.mat,22999,8392bf5467d7383ee2966a8e69b0097fb5804f4473727a0b323f061864d81475
qualification,verification/crack_path/final_clean_run/step_009_qualification_small.mat,24804,27f181ca7837392edb2ee4580e57b99f29ea407f096b05f050b4cc3a5fbc9567
qualification,verification/crack_path/final_clean_run/step_010_qualification_small.mat,27103,b68ae4cc3c0060fd190ac453c716efc1a16a0724fe1c10e2aeb6cf438e66543f
qualification,verification/crack_path/final_clean_run/step_011_qualification_small.mat,29529,298b361f513904efcc8fdfbd8a558115f935600b4c64dee1cc4cfc521a5d05b3
qualification,verification/crack_path/final_clean_run/step_012_qualification_small.mat,31588,4e12d8424d286ce1b556d1cf3f45d93556c21c68684aa730600d2b461a32d2d7
qualification,verification/crack_path/final_clean_run/step_013_qualification_small.mat,34090,23e196ad8274ffbfacec7cd0eb012ee47b484769ae13fe2426528504824b03fe
qualification,verification/crack_path/final_clean_run/step_014_qualification_small.mat,36448,ac1e92fcb03c7c40d81fcbe755a618db4758366ce9f83e55d6b99861d6a185bb
qualification,verification/crack_path/final_clean_run/step_015_qualification_small.mat,39160,03722b2b14d4ed6924868cac9367e2c5df13461850a74bc79c636013dc887e14
qualification,verification/crack_path/final_clean_run/step_016_qualification_small.mat,39329,d2107e10c8d37878c88c523e92d73778c9a1ebba014377e855300a14508f5689
qualification,verification/crack_path/final_clean_run/step_017_qualification_small.mat,42637,511140422eacd2bff5a7d889ec845e871b645718dcbd7ed30ab21238dd18d743
qualification,verification/crack_path/final_clean_run/step_018_qualification_small.mat,44478,3a01a61647b4bd9c886fdee0106ce099ff01a5a1f3e5af6e055204f1d811b06f
qualification,verification/crack_path/final_clean_run/step_019_qualification_small.mat,47331,e64ef6770f758f92c8797aa06aa674441a4fb9d904fd2b851cb1fb4cd6c89428
qualification,verification/crack_path/final_clean_run/step_020_qualification_small.mat,47893,0d73c2ad91bcc55af4a6306126ac96166a4e5e4bcdb506f3af00e13d1e964eb8
qualification,verification/crack_path/final_clean_run/step_021_qualification_small.mat,50113,04ab3d0e5f409496151c31508cc32b0a04933cdbf7f6302932bb067ecd94c631
qualification,verification/crack_path/final_clean_run/step_022_qualification_small.mat,51580,ef3b5780c45fe1d61a7a316039d70ccace796321e5af861b2fc084b21a945f2f
qualification,verification/crack_path/final_clean_run/step_023_qualification_small.mat,54287,6f7b1c9a2e4c03ab5879ac1d08460bd2e17299125216fefc885144fb37e16d07
qualification,verification/crack_path/final_clean_run/step_024_qualification_small.mat,54108,61f24a56712883f1404e1eec81d2660e69e57055242864edbe9a7e6bde645a3b
configuration_source,verification/crack_path/final_clean_run/step_002_physical_solved.mat,4336340,5abbce521eaea770e98b4376ec2c95db13d56c9cf59103b5473bc0b5258e6fa8
restored_stage1_source,paper/data/accepted_stage1_source.mat,42401,93bf96d515b8719258f8fbd5fdfeffa1d009e17c286f10fe4dc4e19c02e64a17
scientific_source,run_incremental_crack_path.m,35868,9ffcb2a71f91a3d3dd7a447188ebf850512dc35adac18cd719594439e064b1eb
scientific_source,qualify_incremental_crack_candidate.m,43579,ecb9fcad75105d6de9243ba6b1bc9237c0a1185732331b550c7468824e8a17a9
scientific_source,solve_incremental_crack_tip.m,31245,3ebd9809e076dd51829110834edf3695a51bf48b4089513c91bcb074793c1acd
scientific_source,kink_angle_LEFM_MTS.m,2230,d3c8c100aa4bdd75d3e3a3e32af0cc4877b6ad487f846ade5f34f41aabab52ce
scientific_source,SIF_LEFM_interaction_EDI.m,25710,eacbbbbce5c6d831da3386cb1e35d307e7fad53b2b01701e07b3f15f75a8483c
scientific_source,native_COD_polyline_audit.m,1491,f55d9b597269671ac48ee91a9b9b99caac69e1272400404acb150cb89a9f3c96
scientific_source,verification/sif_audit/native_COD_audit.m,2728,5b28bc6f15200205a8523557ec872293edf04dc7f47542539b84cc9c53b3e477
scientific_source,T3toT6_fast.m,828,157b9a4de3e7915bf39729d417d55cf46ad02d641331464f3f221a752ef98d9c
scientific_source,stif_assem.m,2737,903bff0f80eb7c1e24307c72be5d06cd6627b8c46db731c673eae4bf0d640fcb
scientific_source,integr.m,738,dd3b8062089f0ad532c5faa035fafd4c1cc60e573be85f306021ed4c5b0cefbe
scientific_source,verification/crack_path/main_stage1_freeze_starting_state.m,11457,37a1af6d9e1197f2b1317a4f012674fa6d2b87644b8d256e22d18636e1800953
scientific_source,plot_final_clean_run_results.m,29087,753a00f91e63f99c4b4f2d4f5714aec6bc1e476bf7185730373bab083ac6a54e
scientific_source,plot_final_clean_run_additional_results.m,29442,3e15d7b8563bf81eec1542f69a2e5ceae339c45f1f123321ea1c0b0450976a2a
scientific_source,verification/crack_path/INCREMENTAL_PATH.md,17034,86016ef10264b0bed97f30ddbe5511e7e6a681aacd71ed61d4b7124e01260fef
scientific_source,verification/sif_audit/AUDIT_CLOSURE.md,13725,78d5ed5f49f96fcccaf486cf5bac7acff1f14cc1f360c6d61e5daff99fa531bf
scientific_source,Documents/CrPathLEFM.tex,14966,4281b1f8eeb1d260fc5335a122f9f09c8a99a5af1986eeaaf4b33ee95d38e630
