segment,tip_x_m,tip_y_m,theta_deg,KI_unit,KII_unit,KII_over_KI,delta_theta_next_deg,theta_next_deg,crack_length_mm
1,0.20398738848899306,-0.020925971758890608,0.0,0.366440453124249,4.2111486039704e-06,1.14920407069318e-05,-0.00131689086060279,-0.00131689086060279,4
2,0.20798590227692312,-0.021035001515072937,-0.00131689086059,0.437845451645,4.10286084741e-05,9.37056861502e-05,-0.0107378804456,-0.0120547713062,8
3,0.21198439556121756,-0.02114478063627696,-0.0120547713062,0.474321784907,0.00010979208972,0.000231471741786,-0.0265247044457,-0.0385794757519,12
4,0.21598283759551962,-0.02125641082182977,-0.0385794757519,0.499799221127,0.000188181665778,0.000376514523879,-0.0431453720156,-0.0817248477675,16
5,0.21998119443542213,-0.021371051917449587,-0.0817248477675,0.521392900607,0.000269177111085,0.000516265393663,-0.0591596195396,-0.140884467307,20
6,0.22397943077359767,-0.021489821375193778,-0.140884467307,0.541716899969,0.000354853854274,0.000655054059223,-0.0750635907374,-0.215948058044,24
7,0.22797750807989703,-0.021613828846154357,-0.215948058044,0.561818031742,0.000452282802928,0.000805034330289,-0.0922499994783,-0.308198057523,28
8,0.23197538054390865,-0.02174427332283997,-0.308198057523,0.582117409795,0.00056985740176,0.000978938942852,-0.112177888814,-0.420375946337,32
9,0.2359729899518411,-0.021882544873095208,-0.420375946337,0.602765715306,0.000715223000913,0.00118656881563,-0.135970323786,-0.556346270122,36
10,0.23997025996698676,-0.02203030287124582,-0.556346270122,0.623795584088,0.000894427685748,0.00143384741502,-0.164306022497,-0.720652292619,40
11,0.24396708982394535,-0.022189523141702687,-0.720652292619,0.64519515147,0.00111007215075,0.00172052153247,-0.197155882972,-0.917808175592,44
12,0.24796334813952592,-0.02236249561105348,-0.917808175592,0.666954686015,0.00136069471081,0.0020401606576,-0.233782919955,-1.15159109555,48
13,0.25195886741446155,-0.022551772454904185,-1.15159109555,0.689105686869,0.00163857623917,0.00237783009252,-0.272475662714,-1.42406675826,52
14,0.2559534413876532,-0.022760048168082393,-1.42406675826,0.711766095517,0.00192833951657,0.00270923204789,-0.310449807285,-1.73451656555,56
15,0.2599468282135192,-0.022989964802973634,-1.73451656555,0.735201038729,0.00220431908885,0.00299825350174,-0.343567336736,-2.07808390228,60
16,0.2639387645857868,-0.023243823030666466,-2.07808390228,0.759911440967,0.00242854238904,0.0031958229053,-0.366205602227,-2.44428950451,64
17,0.26792899689849337,-0.023523190334824657,-2.44428950451,0.78677142178,0.00254810733223,0.00323868821577,-0.371117249104,-2.81540675361,68
18,0.27191733599743495,-0.023828397202135938,-2.81540675361,0.817255161034,0.00249132492526,0.00304840525217,-0.34931393631,-3.16472068992,72
19,0.27590374023778674,-0.024157913867124892,-3.16472068992,0.853845687718,0.00216209507493,0.00253218480345,-0.290162663233,-3.45488335316,76
20,0.2798884245963658,-0.02450761454269667,-3.45488335316,0.900851730091,0.00142715223887,0.00158422545153,-0.181537801236,-3.63642115439,80
21,0.2838719809528323,-0.02486993864464923,-3.63642115439,0.966252337072,7.8317120285e-05,8.10524510836e-05,-0.00928792659019,-3.64570908098,84
22,0.28785547852244686,-0.025232908495841918,-3.64570908098,1.06663591142,-0.00228358148202,-0.00214091936862,0.245328664454,-3.40038041653,88
23,0.29184049373289017,-0.02557881856007184,-3.40038041653,1.24420097475,-0.00677956519426,-0.00544893094591,0.624358240041,-2.77602217649,92
