"Path","Bytes","SHA256"
"docs/SIF_asymmetry_scientific_review_2026-10-04.md","38423","c84cb311fb50e7e152c5894193181df7fdfc8ccd2cabc6416c1b55315d3c0be8"
"verification/sif_audit/STEP61.md","13285","d72813e6284f6ed66732c299aba0f6731569c33d9955338963e309060b75fdc5"
"verification/sif_audit/main_step61_local_paired_patch.m","37697","9f78153c72ae38b7ca356ccf05d9440f88f6286227164dd7d6cdcb1ca0e82c42"
"verification/step56_reflected_mesh_only_candidate_T3.mat","53735","680a434b63783e07bab81b6c2f787e9b5c57a5fcbe9fbfbd6d010af4e6d0d42b"
"verification/step56_reflected_mesh_only_small_data.mat","2743","563a65fe5631f89796e0e18782b7f5b2c74b66c84f25a2e7522c23c1b790d7ab"
"verification/step57_reflection_paired_symmetric_field_leakage_small_data.mat","4450","eb2cb4cba37d667bc188fcb8d1a65b1030df34e49ad26246b0eca4aea8a99b5f"
"verification/step57_reflection_paired_symmetric_theta0_solved.mat","235887","9b1ee1e6df6afb55df54d413857f5c61003485a401f7e71e437029088976fca7"
"verification/step58_reflection_paired_matched_edi_comparison_small_data.mat","1758","d5cb1f3e5717b3f4d8e33dacc3d3f169caa206bcc65c196e479be5ea1e07e777"
"verification/step58_reflection_paired_matched_edi_edi_progress.mat","468","63423b878c28abb4fe9904ab54d06a6e7221bb8bffda49d95b9c1c0dffa0a22a"
"verification/step58_reflection_paired_matched_edi_small_data.mat","5027","b610870a5460875f290da1fcda65b3513569d4e5585a8b53d149a0d33f8ace13"
"verification/step59_paired_exact_pureI_nodal_comparison_small_data.mat","1671","5eabd38a9925acea953352ecf94783e0885e27860f7ade21cacae3827078bcdd"
"verification/step59_paired_exact_pureI_nodal_edi_progress.mat","472","09db616143577ff293b1ca0f78a3b81b741085688a902b045fab63c32b1905fa"
"verification/step59_paired_exact_pureI_nodal_small_data.mat","1381","f928e165e8a5b7cecc4d8e69cd723502c680b2d21045c766224286da28e6e466"
"verification/step60_step38_real_mesh_overview.png","1725429","990a366bd04a92c0cb42180424951e2b0612defe472a728b399666e1fa27f9cd"
"verification/step60_step38_real_mesh_primary_q_support.png","1756596","de3e7e3a83905b7b11b45b5287f5347869b2d6f20bbe34bc4a4a731648af247c"
"verification/step60_step38_real_mesh_small_data.mat","107345","e9890fc9f50dbfea37a697d86e38edf2f2ffdcc5d015880d937b4f2f28696865"
"verification/step61_local_paired_patch_candidate_T3.mat","681559","8fe0b1100d3a53c15cd6e7569cbce488d6ce2602038feb16f0d9841a46c97163"
"verification/step61_local_paired_patch_extentTable.csv","792","a74c080b323c5db5eff8213ea499f92e83150c8a72dc5e6b0bbe617cfa1875ca"
"verification/step61_local_paired_patch_overview.png","1823677","9a13b63a033f237317bbdb26973e5334d43e5cf8921aa387266421b0e3ad1990"
"verification/step61_local_paired_patch_qualityTable.csv","529","1b85b4a59d56650a8e6f4cddc4f50bfa41b840243b4cb1aede8203c80f764c87"
"verification/step61_local_paired_patch_radialTable.csv","1728","1866f9d599ca7a1288534e09a866df31678f10596f435d78e21b017e73689e17"
"verification/step61_local_paired_patch_samplingTable.csv","98","141cd2ee5299ba8896c070568642d19b5437ad8360da0877425362d7b05f3552"
"verification/step61_local_paired_patch_small_data.mat","6415","23850aa1e2ed8f203e81aa9a4bd966b8263a60048a76533d5a884084a2a4fcf4"
"verification/step61_local_paired_patch_summary.csv","487","745ce5d62fd6b384d9d393f97945d03b746854521ac8e624da67bd7391c0c9d2"
"verification/step61_local_paired_patch_syntheticTable.csv","365","2bebdbd00204573822f782557559ddb68432adbf6d2c6bf4707c32a1dc9fa549"
"verification/step61_local_paired_patch_tip.png","283127","0d0d348a0e6a981264906a052ded764231da551c21acb9ca36f7d080b2330978"
"verification/step61_local_paired_patch_tipEdgeTable.csv","226","1f5d3b8cced588f87d1694e620dd4dbcb53ba9f889084f9bfadf968030b97895"
"docs/AUDIT_RESULTS_2026-10-04.md","4152","09c58b5fe655b512b813d34c78ff8a02e1fb1ee142583bd3ac85e02a7f9757af"
".gitattributes","595","a39a23e48d61117f366c77b27ae9ecba9d02cda0e805ebf41016037d1ecc71e3"
